Unity Editor version:    2022.2.21f1 (4907324dc95b)
Branch:                  2022.2/staging
Build type:              Release
Batch mode:              YES
macOS version:           Version 15.3.1 (Build 24D70)
Darwin version:          24.3.0
Architecture:            arm64
Running under Rosetta:   NO
Available memory:        8192 MB
Using pre-set license
Pro License: YES

COMMAND LINE ARGUMENTS:
/Applications/Unity/Hub/Editor/2022.2.21f1/Unity.app/Contents/MacOS/Unity
-adb2
-batchMode
-noUpm
-name
AssetImportWorker0
-projectPath
/Users/mahmoudelbahkiry/Desktop/Project-BlinkTap
-logFile
Logs/AssetImportWorker0.log
-srvPort
53575
Successfully changed project path to: /Users/mahmoudelbahkiry/Desktop/Project-BlinkTap
/Users/mahmoudelbahkiry/Desktop/Project-BlinkTap
[UnityMemory] Configuration Parameters - Can be set up in boot.config
    "memorysetup-bucket-allocator-granularity=16"
    "memorysetup-bucket-allocator-bucket-count=8"
    "memorysetup-bucket-allocator-block-size=33554432"
    "memorysetup-bucket-allocator-block-count=8"
    "memorysetup-main-allocator-block-size=16777216"
    "memorysetup-thread-allocator-block-size=16777216"
    "memorysetup-gfx-main-allocator-block-size=16777216"
    "memorysetup-gfx-thread-allocator-block-size=16777216"
    "memorysetup-cache-allocator-block-size=4194304"
    "memorysetup-typetree-allocator-block-size=2097152"
    "memorysetup-profiler-bucket-allocator-granularity=16"
    "memorysetup-profiler-bucket-allocator-bucket-count=8"
    "memorysetup-profiler-bucket-allocator-block-size=33554432"
    "memorysetup-profiler-bucket-allocator-block-count=8"
    "memorysetup-profiler-allocator-block-size=16777216"
    "memorysetup-profiler-editor-allocator-block-size=1048576"
    "memorysetup-temp-allocator-size-main=16777216"
    "memorysetup-job-temp-allocator-block-size=2097152"
    "memorysetup-job-temp-allocator-block-size-background=1048576"
    "memorysetup-job-temp-allocator-reduction-small-platforms=262144"
    "memorysetup-allocator-temp-initial-block-size-main=262144"
    "memorysetup-allocator-temp-initial-block-size-worker=262144"
    "memorysetup-temp-allocator-size-background-worker=32768"
    "memorysetup-temp-allocator-size-job-worker=262144"
    "memorysetup-temp-allocator-size-preload-manager=33554432"
    "memorysetup-temp-allocator-size-nav-mesh-worker=65536"
    "memorysetup-temp-allocator-size-audio-worker=65536"
    "memorysetup-temp-allocator-size-cloud-worker=32768"
    "memorysetup-temp-allocator-size-gi-baking-worker=262144"
    "memorysetup-temp-allocator-size-gfx=262144"
Player connection [8719714368] Host "[IP] 192.168.1.8 [Port] 0 [Flags] 2 [Guid] 177873059 [EditorId] 177873059 [Version] 1048832 [Id] OSXEditor(0,Mahmouds-MacBook-Air-2.local) [Debug] 1 [PackageName] OSXEditor [ProjectName] Editor" joined multi-casting on [225.0.0.222:54997]...

Player connection [8719714368] Host "[IP] 192.168.1.8 [Port] 0 [Flags] 2 [Guid] 177873059 [EditorId] 177873059 [Version] 1048832 [Id] OSXEditor(0,Mahmouds-MacBook-Air-2.local) [Debug] 1 [PackageName] OSXEditor [ProjectName] Editor" joined alternative multi-casting on [225.0.0.222:34997]...

Refreshing native plugins compatible for Editor in 31.74 ms, found 3 plugins.
Preloading 0 native plugins for Editor in 0.00 ms.
Initialize engine version: 2022.2.21f1 (4907324dc95b)
[Subsystems] Discovering subsystems at path /Applications/Unity/Hub/Editor/2022.2.21f1/Unity.app/Contents/Resources/UnitySubsystems
[Subsystems] Discovering subsystems at path /Users/mahmoudelbahkiry/Desktop/Project-BlinkTap/Assets
GfxDevice: creating device client; threaded=0; jobified=0
 preferred device: Apple M1 (high power)
Metal devices available: 1
0: Apple M1 (high power)
Using device Apple M1 (high power)
Initializing Metal device caps: Apple M1
Initialize mono
Mono path[0] = '/Applications/Unity/Hub/Editor/2022.2.21f1/Unity.app/Contents/Managed'
Mono path[1] = '/Applications/Unity/Hub/Editor/2022.2.21f1/Unity.app/Contents/MonoBleedingEdge/lib/mono/unityjit-macos'
Mono config path = '/Applications/Unity/Hub/Editor/2022.2.21f1/Unity.app/Contents/MonoBleedingEdge/etc'
Using monoOptions --debugger-agent=transport=dt_socket,embedding=1,server=y,suspend=n,address=127.0.0.1:56553
Begin MonoManager ReloadAssembly
Registering precompiled unity dll's ...
Register platform support module: /Applications/Unity/Hub/Editor/2022.2.21f1/Unity.app/Contents/PlaybackEngines/MacStandaloneSupport/UnityEditor.OSXStandalone.Extensions.dll
Register platform support module: /Applications/Unity/Hub/Editor/2022.2.21f1/PlaybackEngines/iOSSupport/UnityEditor.iOS.Extensions.dll
Registered in 0.003514 seconds.
- Loaded All Assemblies, in  0.302 seconds
[usbmuxd] Start listen thread
[usbmuxd] Listen thread started
[usbmuxd] Send listen message
Native extension for iOS target not found
Native extension for OSXStandalone target not found
Mono: successfully reloaded assembly
- Finished resetting the current domain, in  0.254 seconds
Domain Reload Profiling:
	ReloadAssembly (192ms)
		BeginReloadAssembly (118ms)
			ExecutionOrderSort (0ms)
			DisableScriptedObjects (0ms)
			BackupInstance (0ms)
			ReleaseScriptingObjects (0ms)
			CreateAndSetChildDomain (1ms)
		LoadAllAssembliesAndSetupDomain (0ms)
			LoadAssemblies (119ms)
			RebuildTransferFunctionScriptingTraits (0ms)
			SetupTypeCache (105ms)
				TypeCache.Initialize (104ms)
					TypeCache.ScanAssembly (103ms)
				ResolveRequiredComponents (1ms)
		FinalizeReload (0ms)
			ReleaseScriptCaches (0ms)
			RebuildScriptCaches (0ms)
			SetupLoadedEditorAssemblies (215ms)
				LogAssemblyErrors (0ms)
				InitializePlatformSupportModulesInManaged (96ms)
				SetLoadedEditorAssemblies (4ms)
				RefreshPlugins (0ms)
				BeforeProcessingInitializeOnLoad (1ms)
				ProcessInitializeOnLoadAttributes (86ms)
				ProcessInitializeOnLoadMethodAttributes (28ms)
				AfterProcessingInitializeOnLoad (0ms)
				EditorAssembliesLoaded (0ms)
			ExecutionOrderSort2 (0ms)
			AwakeInstancesAfterBackupRestoration (0ms)
========================================================================
Worker process is ready to serve import requests
Begin MonoManager ReloadAssembly
Symbol file LoadedFromMemory doesn't match image /Users/mahmoudelbahkiry/Desktop/Project-BlinkTap/Library/PackageCache/com.unity.visualscripting@1.8.0/Editor/VisualScripting.Core/Dependencies/YamlDotNet/Unity.VisualScripting.YamlDotNet.dll
Symbol file LoadedFromMemory doesn't match image /Users/mahmoudelbahkiry/Desktop/Project-BlinkTap/Library/PackageCache/com.unity.visualscripting@1.8.0/Editor/VisualScripting.Core/Dependencies/DotNetZip/Unity.VisualScripting.IonicZip.dll
- Loaded All Assemblies, in  0.591 seconds
Refreshing native plugins compatible for Editor in 1.99 ms, found 3 plugins.
Native extension for iOS target not found
Native extension for OSXStandalone target not found
Mono: successfully reloaded assembly
Package Manager log level set to [2]
[Package Manager] Server::EnsureServerProcessIsRunning -- launch failed, reason: Unity was launched with the -noUpm command-line argument
[Package Manager] UpmClient::Send -- Unable to send message (not connected to UPM process).
[Package Manager] Cannot connect to Unity Package Manager local server
[Package Manager] Server::EnsureServerProcessIsRunning -- launch failed, reason: Unity was launched with the -noUpm command-line argument
[Package Manager] UpmClient::Send -- Unable to send message (not connected to UPM process).
[Package Manager] Cannot connect to Unity Package Manager local server
- Finished resetting the current domain, in  0.447 seconds
Domain Reload Profiling:
	ReloadAssembly (160ms)
		BeginReloadAssembly (103ms)
			ExecutionOrderSort (0ms)
			DisableScriptedObjects (3ms)
			BackupInstance (0ms)
			ReleaseScriptingObjects (0ms)
			CreateAndSetChildDomain (24ms)
		LoadAllAssembliesAndSetupDomain (433ms)
			LoadAssemblies (240ms)
			RebuildTransferFunctionScriptingTraits (0ms)
			SetupTypeCache (223ms)
				TypeCache.Initialize (207ms)
					TypeCache.ScanAssembly (203ms)
				ResolveRequiredComponents (3ms)
		FinalizeReload (0ms)
			ReleaseScriptCaches (0ms)
			RebuildScriptCaches (0ms)
			SetupLoadedEditorAssemblies (329ms)
				LogAssemblyErrors (0ms)
				InitializePlatformSupportModulesInManaged (26ms)
				SetLoadedEditorAssemblies (3ms)
				RefreshPlugins (0ms)
				BeforeProcessingInitializeOnLoad (47ms)
				ProcessInitializeOnLoadAttributes (230ms)
				ProcessInitializeOnLoadMethodAttributes (22ms)
				AfterProcessingInitializeOnLoad (1ms)
				EditorAssembliesLoaded (0ms)
			ExecutionOrderSort2 (0ms)
			AwakeInstancesAfterBackupRestoration (2ms)
Launching external process: /Applications/Unity/Hub/Editor/2022.2.21f1/Unity.app/Contents/Tools/UnityShaderCompiler
Launched and connected shader compiler UnityShaderCompiler after 0.32 seconds
Refreshing native plugins compatible for Editor in 2.30 ms, found 3 plugins.
Preloading 0 native plugins for Editor in 0.00 ms.
Unloading 4286 Unused Serialized files (Serialized files now loaded: 0)
Unloading 79 unused Assets / (63.3 KB). Loaded Objects now: 4736.
Memory consumption went from 144.0 MB to 143.9 MB.
Total: 3.067208 ms (FindLiveObjects: 0.190875 ms CreateObjectMapping: 0.074334 ms MarkObjects: 2.630709 ms  DeleteObjects: 0.170583 ms)

AssetImportParameters requested are different than current active one (requested -> active):
  custom:container-demuxer-ogg: 62fdf1f143b41e24485cea50d1cbac27 -> 
  custom:video-decoder-ogg-theora: a1e56fd34408186e4bbccfd4996cb3dc -> 
  custom:container-demuxer-webm: 4f35f7cbe854078d1ac9338744f61a02 -> 
  custom:container-muxer-webm: aa71ff27fc2769a1b78a27578f13a17b -> 
  custom:video-decoder-webm-vp8: 9c59270c3fd7afecdb556c50c9e8de78 -> 
  custom:AudioImporter_EditorPlatform: 3918e3fc78b5a79bad01e8451be0beb8 -> 
  custom:framework-osx-AVFoundation: e770b220cccbd017edd2c1fefb359320 -> 
  custom:video-encoder-webm-vp8: eb34c28f22e8b96e1ab97ce403110664 -> 
  custom:audio-decoder-ogg-vorbis: bf7c407c2cedff20999df2af8eb42d56 -> 
  custom:audio-encoder-webm-vorbis: bf7c407c2cedff20999df2af8eb42d56 -> 
========================================================================
Received Import Request.
  Time since last request: 53322.050801 seconds.
  path: Assets/Scenes/SampleScene.unity
  artifactKey: Guid(3fc8acdd13e6c734bafef6554d6fdbcd) Importer(815301076,1909f56bfc062723c751e8b465ee728b)
Start importing Assets/Scenes/SampleScene.unity using Guid(3fc8acdd13e6c734bafef6554d6fdbcd) Importer(815301076,1909f56bfc062723c751e8b465ee728b)  -> (artifact id: '1990f9c570a95c3ede98e39bdf6c40a0') in 0.001338 seconds
Number of updated asset objects reloaded before import = 0
Number of asset objects unloaded after import = 0
========================================================================
Received Import Request.
  Time since last request: 1026.760494 seconds.
  path: Assets/Scripts
  artifactKey: Guid(0c24a8bea1961408f8dc075da2db58c3) Importer(815301076,1909f56bfc062723c751e8b465ee728b)
Start importing Assets/Scripts using Guid(0c24a8bea1961408f8dc075da2db58c3) Importer(815301076,1909f56bfc062723c751e8b465ee728b)  -> (artifact id: '961aae93b567ea978333adb94b8774a5') in 0.004478 seconds
Number of updated asset objects reloaded before import = 0
Number of asset objects unloaded after import = 0
========================================================================
Received Import Request.
  Time since last request: 11.899691 seconds.
  path: Assets/Prefabs
  artifactKey: Guid(fbe283a5d4f0a4f0791bd9d3f29d9079) Importer(815301076,1909f56bfc062723c751e8b465ee728b)
Start importing Assets/Prefabs using Guid(fbe283a5d4f0a4f0791bd9d3f29d9079) Importer(815301076,1909f56bfc062723c751e8b465ee728b)  -> (artifact id: '10601e62763617ec9a891f139a49c39a') in 0.000394 seconds
Number of updated asset objects reloaded before import = 0
Number of asset objects unloaded after import = 0
========================================================================
Received Import Request.
  Time since last request: 12.480987 seconds.
  path: Assets/Recourses
  artifactKey: Guid(75e165a8e8f27472686573e1c5226cf6) Importer(815301076,1909f56bfc062723c751e8b465ee728b)
Start importing Assets/Recourses using Guid(75e165a8e8f27472686573e1c5226cf6) Importer(815301076,1909f56bfc062723c751e8b465ee728b)  -> (artifact id: '048d5b6c2a15dc083581eb383a4ef363') in 0.000371 seconds
Number of updated asset objects reloaded before import = 0
Number of asset objects unloaded after import = 0
========================================================================
Received Import Request.
  Time since last request: 40.309438 seconds.
  path: Assets/Scenes/Login.unity
  artifactKey: Guid(868cf2615cb2348f48725a0055ac712a) Importer(815301076,1909f56bfc062723c751e8b465ee728b)
Start importing Assets/Scenes/Login.unity using Guid(868cf2615cb2348f48725a0055ac712a) Importer(815301076,1909f56bfc062723c751e8b465ee728b)  -> (artifact id: 'f5487556f4d77b1106fcddec5b870b3e') in 0.000976 seconds
Number of updated asset objects reloaded before import = 0
Number of asset objects unloaded after import = 0
========================================================================
Received Prepare
Begin MonoManager ReloadAssembly
Thread 0x17ff87000 may have been prematurely finalized
Symbol file LoadedFromMemory doesn't match image /Users/mahmoudelbahkiry/Desktop/Project-BlinkTap/Library/PackageCache/com.unity.visualscripting@1.8.0/Editor/VisualScripting.Core/Dependencies/YamlDotNet/Unity.VisualScripting.YamlDotNet.dll
Symbol file LoadedFromMemory doesn't match image /Users/mahmoudelbahkiry/Desktop/Project-BlinkTap/Library/PackageCache/com.unity.visualscripting@1.8.0/Editor/VisualScripting.Core/Dependencies/DotNetZip/Unity.VisualScripting.IonicZip.dll
Symbol file LoadedFromMemory is not a mono symbol file
- Loaded All Assemblies, in  0.767 seconds
Refreshing native plugins compatible for Editor in 2.05 ms, found 3 plugins.
Native extension for iOS target not found
Native extension for OSXStandalone target not found
Mono: successfully reloaded assembly
[Package Manager] Server::EnsureServerProcessIsRunning -- launch failed, reason: Unity was launched with the -noUpm command-line argument
[Package Manager] UpmClient::Send -- Unable to send message (not connected to UPM process).
[Package Manager] Cannot connect to Unity Package Manager local server
- Finished resetting the current domain, in  0.805 seconds
Domain Reload Profiling:
	ReloadAssembly (403ms)
		BeginReloadAssembly (351ms)
			ExecutionOrderSort (0ms)
			DisableScriptedObjects (47ms)
			BackupInstance (0ms)
			ReleaseScriptingObjects (0ms)
			CreateAndSetChildDomain (149ms)
		LoadAllAssembliesAndSetupDomain (364ms)
			LoadAssemblies (244ms)
			RebuildTransferFunctionScriptingTraits (0ms)
			SetupTypeCache (218ms)
				TypeCache.Initialize (205ms)
					TypeCache.ScanAssembly (195ms)
				ResolveRequiredComponents (3ms)
		FinalizeReload (0ms)
			ReleaseScriptCaches (0ms)
			RebuildScriptCaches (0ms)
			SetupLoadedEditorAssemblies (231ms)
				LogAssemblyErrors (0ms)
				InitializePlatformSupportModulesInManaged (16ms)
				SetLoadedEditorAssemblies (3ms)
				RefreshPlugins (0ms)
				BeforeProcessingInitializeOnLoad (37ms)
				ProcessInitializeOnLoadAttributes (159ms)
				ProcessInitializeOnLoadMethodAttributes (15ms)
				AfterProcessingInitializeOnLoad (1ms)
				EditorAssembliesLoaded (0ms)
			ExecutionOrderSort2 (0ms)
			AwakeInstancesAfterBackupRestoration (5ms)
Refreshing native plugins compatible for Editor in 2.30 ms, found 3 plugins.
Preloading 0 native plugins for Editor in 0.00 ms.
Unloading 4262 Unused Serialized files (Serialized files now loaded: 0)
Unloading 52 unused Assets / (43.0 KB). Loaded Objects now: 4741.
Memory consumption went from 143.2 MB to 143.2 MB.
Total: 2.747833 ms (FindLiveObjects: 0.143667 ms CreateObjectMapping: 0.055250 ms MarkObjects: 2.496000 ms  DeleteObjects: 0.052083 ms)

Prepare: number of updated asset objects reloaded= 0
AssetImportParameters requested are different than current active one (requested -> active):
  custom:container-demuxer-ogg: 62fdf1f143b41e24485cea50d1cbac27 -> 
  custom:video-decoder-ogg-theora: a1e56fd34408186e4bbccfd4996cb3dc -> 
  custom:container-demuxer-webm: 4f35f7cbe854078d1ac9338744f61a02 -> 
  custom:container-muxer-webm: aa71ff27fc2769a1b78a27578f13a17b -> 
  custom:video-decoder-webm-vp8: 9c59270c3fd7afecdb556c50c9e8de78 -> 
  custom:AudioImporter_EditorPlatform: 3918e3fc78b5a79bad01e8451be0beb8 -> 
  custom:framework-osx-AVFoundation: e770b220cccbd017edd2c1fefb359320 -> 
  custom:video-encoder-webm-vp8: eb34c28f22e8b96e1ab97ce403110664 -> 
  custom:audio-decoder-ogg-vorbis: bf7c407c2cedff20999df2af8eb42d56 -> 
  custom:audio-encoder-webm-vorbis: bf7c407c2cedff20999df2af8eb42d56 -> 
========================================================================
Received Import Request.
  Time since last request: 780.335292 seconds.
  path: Assets/Scenes/Login.unity
  artifactKey: Guid(868cf2615cb2348f48725a0055ac712a) Importer(815301076,1909f56bfc062723c751e8b465ee728b)
Start importing Assets/Scenes/Login.unity using Guid(868cf2615cb2348f48725a0055ac712a) Importer(815301076,1909f56bfc062723c751e8b465ee728b)  -> (artifact id: '604015d916d537d59317b24b39ab20b2') in 0.014722 seconds
Number of updated asset objects reloaded before import = 0
Number of asset objects unloaded after import = 0
========================================================================
Received Import Request.
  Time since last request: 278.895344 seconds.
  path: Assets/Scenes/Login.unity
  artifactKey: Guid(868cf2615cb2348f48725a0055ac712a) Importer(815301076,1909f56bfc062723c751e8b465ee728b)
Start importing Assets/Scenes/Login.unity using Guid(868cf2615cb2348f48725a0055ac712a) Importer(815301076,1909f56bfc062723c751e8b465ee728b)  -> (artifact id: '2f40b2504e3b64fa7fd8eeb021b6db4a') in 0.016515 seconds
Number of updated asset objects reloaded before import = 0
Number of asset objects unloaded after import = 0
========================================================================
Received Import Request.
  Time since last request: 2917.704982 seconds.
  path: Assets/Scenes/Login.unity
  artifactKey: Guid(868cf2615cb2348f48725a0055ac712a) Importer(815301076,1909f56bfc062723c751e8b465ee728b)
Start importing Assets/Scenes/Login.unity using Guid(868cf2615cb2348f48725a0055ac712a) Importer(815301076,1909f56bfc062723c751e8b465ee728b)  -> (artifact id: '11d67714f3ce666be0521ad6107ba467') in 0.012225 seconds
Number of updated asset objects reloaded before import = 0
Number of asset objects unloaded after import = 0
========================================================================
Received Import Request.
  Time since last request: 598.438808 seconds.
  path: Packages/com.unity.2d.animation/Editor/Assets/ComponentIcons/Animation.IKCCD.png
  artifactKey: Guid(affd7e74f3f7b465ea861fbf1651b73b) Importer(815301076,1909f56bfc062723c751e8b465ee728b)
Start importing Packages/com.unity.2d.animation/Editor/Assets/ComponentIcons/Animation.IKCCD.png using Guid(affd7e74f3f7b465ea861fbf1651b73b) Importer(815301076,1909f56bfc062723c751e8b465ee728b)  -> (artifact id: 'fda5fbfa158384669e6203db962b5c72') in 0.707897 seconds
Number of updated asset objects reloaded before import = 0
Number of asset objects unloaded after import = 3
========================================================================
Received Import Request.
  Time since last request: 0.000058 seconds.
  path: Packages/com.unity.2d.animation/Editor/Assets/ComponentIcons/Animation.IKCCD@32.png
  artifactKey: Guid(99e2d423491be485bafdee152310057a) Importer(815301076,1909f56bfc062723c751e8b465ee728b)
Start importing Packages/com.unity.2d.animation/Editor/Assets/ComponentIcons/Animation.IKCCD@32.png using Guid(99e2d423491be485bafdee152310057a) Importer(815301076,1909f56bfc062723c751e8b465ee728b)  -> (artifact id: '9d950f91b0f93f683fcb2a1fc20a1090') in 0.006112 seconds
Number of updated asset objects reloaded before import = 0
Number of asset objects unloaded after import = 3
========================================================================
Received Import Request.
  Time since last request: 0.000725 seconds.
  path: Packages/com.unity.2d.animation/Editor/Assets/ComponentIcons/Animation.IKCCD On@128.png
  artifactKey: Guid(50d3cd2f336704fcf9cf5b293c10ba9c) Importer(815301076,1909f56bfc062723c751e8b465ee728b)
Start importing Packages/com.unity.2d.animation/Editor/Assets/ComponentIcons/Animation.IKCCD On@128.png using Guid(50d3cd2f336704fcf9cf5b293c10ba9c) Importer(815301076,1909f56bfc062723c751e8b465ee728b)  -> (artifact id: '8df0ad487cc74747ef2b722ca9964c04') in 0.007204 seconds
Number of updated asset objects reloaded before import = 0
Number of asset objects unloaded after import = 3
========================================================================
Received Import Request.
  Time since last request: 0.000181 seconds.
  path: Packages/com.unity.2d.animation/Editor/Assets/ComponentIcons/Animation.IKCCD On@32.png
  artifactKey: Guid(a9354548f1d8e4015830a88081482039) Importer(815301076,1909f56bfc062723c751e8b465ee728b)
Start importing Packages/com.unity.2d.animation/Editor/Assets/ComponentIcons/Animation.IKCCD On@32.png using Guid(a9354548f1d8e4015830a88081482039) Importer(815301076,1909f56bfc062723c751e8b465ee728b)  -> (artifact id: '998871d7ad4615f0e4e2b21cfd5ff105') in 0.005547 seconds
Number of updated asset objects reloaded before import = 0
Number of asset objects unloaded after import = 3
========================================================================
Received Import Request.
  Time since last request: 1.539698 seconds.
  path: Packages/com.unity.2d.animation/Editor/Assets/ComponentIcons/Animation.IKCCD@128.png
  artifactKey: Guid(5156a72be078d4d0e8593843cdc34294) Importer(815301076,1909f56bfc062723c751e8b465ee728b)
Start importing Packages/com.unity.2d.animation/Editor/Assets/ComponentIcons/Animation.IKCCD@128.png using Guid(5156a72be078d4d0e8593843cdc34294) Importer(815301076,1909f56bfc062723c751e8b465ee728b)  -> (artifact id: 'c9e5e4e1c3561f991bc303f7c334e44b') in 0.007038 seconds
Number of updated asset objects reloaded before import = 0
Number of asset objects unloaded after import = 3
========================================================================
Received Import Request.
  Time since last request: 0.587821 seconds.
  path: Packages/com.unity.2d.animation/Editor/Assets/ComponentIcons/Animation.IKFabrik.png
  artifactKey: Guid(53d33bff0a9374b6db003552e5767cdb) Importer(815301076,1909f56bfc062723c751e8b465ee728b)
Start importing Packages/com.unity.2d.animation/Editor/Assets/ComponentIcons/Animation.IKFabrik.png using Guid(53d33bff0a9374b6db003552e5767cdb) Importer(815301076,1909f56bfc062723c751e8b465ee728b)  -> (artifact id: '0517374f209ce9c118a79f6d6fbe80e2') in 0.006072 seconds
Number of updated asset objects reloaded before import = 0
Number of asset objects unloaded after import = 3
========================================================================
Received Import Request.
  Time since last request: 0.796687 seconds.
  path: Packages/com.unity.2d.animation/Editor/Assets/ComponentIcons/Animation.IKFabrik On@32.png
  artifactKey: Guid(f59542040dc5448459691fb41515f463) Importer(815301076,1909f56bfc062723c751e8b465ee728b)
Start importing Packages/com.unity.2d.animation/Editor/Assets/ComponentIcons/Animation.IKFabrik On@32.png using Guid(f59542040dc5448459691fb41515f463) Importer(815301076,1909f56bfc062723c751e8b465ee728b)  -> (artifact id: 'ecfbcaa36c28a1957a1ab0f059fcbd45') in 0.005518 seconds
Number of updated asset objects reloaded before import = 0
Number of asset objects unloaded after import = 3
========================================================================
Received Import Request.
  Time since last request: 0.163365 seconds.
  path: Packages/com.unity.2d.animation/Editor/Assets/ComponentIcons/Animation.IKFabrik On@128.png
  artifactKey: Guid(950832395ec754ba48ab1cffa214cec0) Importer(815301076,1909f56bfc062723c751e8b465ee728b)
Start importing Packages/com.unity.2d.animation/Editor/Assets/ComponentIcons/Animation.IKFabrik On@128.png using Guid(950832395ec754ba48ab1cffa214cec0) Importer(815301076,1909f56bfc062723c751e8b465ee728b)  -> (artifact id: '6287a98f511b90240a866cbebd278672') in 0.007945 seconds
Number of updated asset objects reloaded before import = 0
Number of asset objects unloaded after import = 3
========================================================================
Received Import Request.
  Time since last request: 0.578277 seconds.
  path: Packages/com.unity.2d.animation/Editor/Assets/ComponentIcons/Animation.IKFabrik@32.png
  artifactKey: Guid(d1c2be2a893c441fca30fe5d470e0d3e) Importer(815301076,1909f56bfc062723c751e8b465ee728b)
Start importing Packages/com.unity.2d.animation/Editor/Assets/ComponentIcons/Animation.IKFabrik@32.png using Guid(d1c2be2a893c441fca30fe5d470e0d3e) Importer(815301076,1909f56bfc062723c751e8b465ee728b)  -> (artifact id: 'acaff4c2b497bd13fde6d2b27e7bace1') in 0.009179 seconds
Number of updated asset objects reloaded before import = 0
Number of asset objects unloaded after import = 3
========================================================================
Received Import Request.
  Time since last request: 9.687212 seconds.
  path: Packages/com.unity.2d.animation/Editor/Assets/ComponentIcons/Animation.IKFabrik@128.png
  artifactKey: Guid(b86d0db9457f24011888218122cc164a) Importer(815301076,1909f56bfc062723c751e8b465ee728b)
Start importing Packages/com.unity.2d.animation/Editor/Assets/ComponentIcons/Animation.IKFabrik@128.png using Guid(b86d0db9457f24011888218122cc164a) Importer(815301076,1909f56bfc062723c751e8b465ee728b)  -> (artifact id: '36bf1677828649bec4ee6b9b1d3ea323') in 0.021529 seconds
Number of updated asset objects reloaded before import = 0
Number of asset objects unloaded after import = 3
========================================================================
Received Import Request.
  Time since last request: 0.347392 seconds.
  path: Packages/com.unity.2d.animation/Editor/Assets/ComponentIcons/Animation.IKLimb.png
  artifactKey: Guid(cf11b38b95bcf4dac8b48952d4fd11b8) Importer(815301076,1909f56bfc062723c751e8b465ee728b)
Start importing Packages/com.unity.2d.animation/Editor/Assets/ComponentIcons/Animation.IKLimb.png using Guid(cf11b38b95bcf4dac8b48952d4fd11b8) Importer(815301076,1909f56bfc062723c751e8b465ee728b)  -> (artifact id: '938a7e2aec1dc673dcdfd07e4d1d92ae') in 0.005966 seconds
Number of updated asset objects reloaded before import = 0
Number of asset objects unloaded after import = 3
========================================================================
Received Import Request.
  Time since last request: 0.033080 seconds.
  path: Packages/com.unity.2d.animation/Editor/Assets/ComponentIcons/Animation.IKLimb On@32.png
  artifactKey: Guid(9382c856352ae4001b0ec605e74a61de) Importer(815301076,1909f56bfc062723c751e8b465ee728b)
Start importing Packages/com.unity.2d.animation/Editor/Assets/ComponentIcons/Animation.IKLimb On@32.png using Guid(9382c856352ae4001b0ec605e74a61de) Importer(815301076,1909f56bfc062723c751e8b465ee728b)  -> (artifact id: '0b866f999192219eefc1f9caecceb029') in 0.004659 seconds
Number of updated asset objects reloaded before import = 0
Number of asset objects unloaded after import = 3
========================================================================
Received Import Request.
  Time since last request: 0.044948 seconds.
  path: Packages/com.unity.2d.animation/Editor/Assets/ComponentIcons/Animation.IKLimb On@128.png
  artifactKey: Guid(a7509656986904778b9b80babc278b98) Importer(815301076,1909f56bfc062723c751e8b465ee728b)
Start importing Packages/com.unity.2d.animation/Editor/Assets/ComponentIcons/Animation.IKLimb On@128.png using Guid(a7509656986904778b9b80babc278b98) Importer(815301076,1909f56bfc062723c751e8b465ee728b)  -> (artifact id: '279ee9d66e736347f6ff006b4bfb9b06') in 0.005972 seconds
Number of updated asset objects reloaded before import = 0
Number of asset objects unloaded after import = 3
========================================================================
Received Import Request.
  Time since last request: 0.329509 seconds.
  path: Packages/com.unity.2d.animation/Editor/Assets/ComponentIcons/Animation.IKLimb@32.png
  artifactKey: Guid(4567ce7a1cf16433196f2688091df4ca) Importer(815301076,1909f56bfc062723c751e8b465ee728b)
Start importing Packages/com.unity.2d.animation/Editor/Assets/ComponentIcons/Animation.IKLimb@32.png using Guid(4567ce7a1cf16433196f2688091df4ca) Importer(815301076,1909f56bfc062723c751e8b465ee728b)  -> (artifact id: 'b127036d39a6c8b9956535bcfae876be') in 0.005163 seconds
Number of updated asset objects reloaded before import = 0
Number of asset objects unloaded after import = 3
========================================================================
Received Import Request.
  Time since last request: 0.044300 seconds.
  path: Packages/com.unity.2d.animation/Editor/Assets/ComponentIcons/Animation.IKLimb@128.png
  artifactKey: Guid(8f03a52015a57491094416b25e8e9c18) Importer(815301076,1909f56bfc062723c751e8b465ee728b)
Start importing Packages/com.unity.2d.animation/Editor/Assets/ComponentIcons/Animation.IKLimb@128.png using Guid(8f03a52015a57491094416b25e8e9c18) Importer(815301076,1909f56bfc062723c751e8b465ee728b)  -> (artifact id: 'ba56e1484328a272406cb7cd23d38248') in 0.006432 seconds
Number of updated asset objects reloaded before import = 0
Number of asset objects unloaded after import = 3
========================================================================
Received Import Request.
  Time since last request: 0.447011 seconds.
  path: Packages/com.unity.2d.animation/Editor/Assets/ComponentIcons/Animation.IKManager.png
  artifactKey: Guid(60b8296fcb7d548fb845a621c6c4cbb9) Importer(815301076,1909f56bfc062723c751e8b465ee728b)
Start importing Packages/com.unity.2d.animation/Editor/Assets/ComponentIcons/Animation.IKManager.png using Guid(60b8296fcb7d548fb845a621c6c4cbb9) Importer(815301076,1909f56bfc062723c751e8b465ee728b)  -> (artifact id: 'ed1574c78313a6dfea94165e00b63491') in 0.005739 seconds
Number of updated asset objects reloaded before import = 0
Number of asset objects unloaded after import = 3
========================================================================
Received Import Request.
  Time since last request: 0.032331 seconds.
  path: Packages/com.unity.2d.animation/Editor/Assets/ComponentIcons/Animation.IKManager On@32.png
  artifactKey: Guid(48e86ca3e41834f60b0eae5fb521cfc4) Importer(815301076,1909f56bfc062723c751e8b465ee728b)
Start importing Packages/com.unity.2d.animation/Editor/Assets/ComponentIcons/Animation.IKManager On@32.png using Guid(48e86ca3e41834f60b0eae5fb521cfc4) Importer(815301076,1909f56bfc062723c751e8b465ee728b)  -> (artifact id: '206c637e14e8ded8f268293dc3a5b2bf') in 0.005985 seconds
Number of updated asset objects reloaded before import = 0
Number of asset objects unloaded after import = 3
========================================================================
Received Import Request.
  Time since last request: 0.059426 seconds.
  path: Packages/com.unity.2d.animation/Editor/Assets/ComponentIcons/Animation.IKManager On@128.png
  artifactKey: Guid(5c81e841f99f744f997dfa12ce9c2a82) Importer(815301076,1909f56bfc062723c751e8b465ee728b)
Start importing Packages/com.unity.2d.animation/Editor/Assets/ComponentIcons/Animation.IKManager On@128.png using Guid(5c81e841f99f744f997dfa12ce9c2a82) Importer(815301076,1909f56bfc062723c751e8b465ee728b)  -> (artifact id: '7d9e70a3e3581b4ad595c308184a1b12') in 0.006622 seconds
Number of updated asset objects reloaded before import = 0
Number of asset objects unloaded after import = 3
========================================================================
Received Import Request.
  Time since last request: 0.142009 seconds.
  path: Packages/com.unity.2d.animation/Editor/Assets/ComponentIcons/Animation.IKManager@32.png
  artifactKey: Guid(a2d8694b191104c8cb1b7e715b3a5e47) Importer(815301076,1909f56bfc062723c751e8b465ee728b)
Start importing Packages/com.unity.2d.animation/Editor/Assets/ComponentIcons/Animation.IKManager@32.png using Guid(a2d8694b191104c8cb1b7e715b3a5e47) Importer(815301076,1909f56bfc062723c751e8b465ee728b)  -> (artifact id: 'd6a584c242b820fb4c1f0cebe2449c40') in 0.005286 seconds
Number of updated asset objects reloaded before import = 0
Number of asset objects unloaded after import = 3
========================================================================
Received Import Request.
  Time since last request: 0.192764 seconds.
  path: Packages/com.unity.2d.animation/Editor/Assets/ComponentIcons/Animation.IKManager@128.png
  artifactKey: Guid(6dfa8a4e449dd46479d1788637b70811) Importer(815301076,1909f56bfc062723c751e8b465ee728b)
Start importing Packages/com.unity.2d.animation/Editor/Assets/ComponentIcons/Animation.IKManager@128.png using Guid(6dfa8a4e449dd46479d1788637b70811) Importer(815301076,1909f56bfc062723c751e8b465ee728b)  -> (artifact id: 'a15214c12e505a25c42b09b253262a44') in 0.006191 seconds
Number of updated asset objects reloaded before import = 0
Number of asset objects unloaded after import = 3
========================================================================
Received Import Request.
  Time since last request: 0.058912 seconds.
  path: Packages/com.unity.2d.animation/Editor/Assets/ComponentIcons/Animation.SpriteLibrary.png
  artifactKey: Guid(3024cb66f112f47f599953fe508d632f) Importer(815301076,1909f56bfc062723c751e8b465ee728b)
Start importing Packages/com.unity.2d.animation/Editor/Assets/ComponentIcons/Animation.SpriteLibrary.png using Guid(3024cb66f112f47f599953fe508d632f) Importer(815301076,1909f56bfc062723c751e8b465ee728b)  -> (artifact id: 'c2b484eaa2366ebbcc891e47cc6235ff') in 0.004947 seconds
Number of updated asset objects reloaded before import = 0
Number of asset objects unloaded after import = 3
========================================================================
Received Import Request.
  Time since last request: 0.220214 seconds.
  path: Packages/com.unity.2d.animation/Editor/Assets/ComponentIcons/Animation.SpriteLibrary On@32.png
  artifactKey: Guid(fad537f7b1df74e869915bbab4356a0f) Importer(815301076,1909f56bfc062723c751e8b465ee728b)
Start importing Packages/com.unity.2d.animation/Editor/Assets/ComponentIcons/Animation.SpriteLibrary On@32.png using Guid(fad537f7b1df74e869915bbab4356a0f) Importer(815301076,1909f56bfc062723c751e8b465ee728b)  -> (artifact id: '206c515cf937ecabca3f92711413be97') in 0.006856 seconds
Number of updated asset objects reloaded before import = 0
Number of asset objects unloaded after import = 3
========================================================================
Received Import Request.
  Time since last request: 0.154713 seconds.
  path: Packages/com.unity.2d.animation/Editor/Assets/ComponentIcons/Animation.SpriteLibrary On@128.png
  artifactKey: Guid(46e8f61d13f8b49c7b2ac6beb5788f2c) Importer(815301076,1909f56bfc062723c751e8b465ee728b)
Start importing Packages/com.unity.2d.animation/Editor/Assets/ComponentIcons/Animation.SpriteLibrary On@128.png using Guid(46e8f61d13f8b49c7b2ac6beb5788f2c) Importer(815301076,1909f56bfc062723c751e8b465ee728b)  -> (artifact id: '9e5e2f91b332f3280b69a87ab0466c8b') in 0.007004 seconds
Number of updated asset objects reloaded before import = 0
Number of asset objects unloaded after import = 3
========================================================================
Received Import Request.
  Time since last request: 0.067853 seconds.
  path: Packages/com.unity.2d.animation/Editor/Assets/ComponentIcons/Animation.SpriteLibrary@32.png
  artifactKey: Guid(5c6d7a5595d5b4713980d6a92eb6fced) Importer(815301076,1909f56bfc062723c751e8b465ee728b)
Start importing Packages/com.unity.2d.animation/Editor/Assets/ComponentIcons/Animation.SpriteLibrary@32.png using Guid(5c6d7a5595d5b4713980d6a92eb6fced) Importer(815301076,1909f56bfc062723c751e8b465ee728b)  -> (artifact id: '6a67912b2015c4b696389e7cb216b45e') in 0.004874 seconds
Number of updated asset objects reloaded before import = 0
Number of asset objects unloaded after import = 3
========================================================================
Received Import Request.
  Time since last request: 0.342868 seconds.
  path: Packages/com.unity.2d.animation/Editor/Assets/ComponentIcons/Animation.SpriteLibrary@128.png
  artifactKey: Guid(efb08993e46994800a736d1f88e89019) Importer(815301076,1909f56bfc062723c751e8b465ee728b)
Start importing Packages/com.unity.2d.animation/Editor/Assets/ComponentIcons/Animation.SpriteLibrary@128.png using Guid(efb08993e46994800a736d1f88e89019) Importer(815301076,1909f56bfc062723c751e8b465ee728b)  -> (artifact id: '3a20e09e2a9cff52a12fb0066fba83b1') in 0.007242 seconds
Number of updated asset objects reloaded before import = 0
Number of asset objects unloaded after import = 3
========================================================================
Received Import Request.
  Time since last request: 0.022913 seconds.
  path: Packages/com.unity.2d.animation/Editor/Assets/ComponentIcons/Animation.SpriteLibraryManager.png
  artifactKey: Guid(99a16529bede740b6816c895741a9fb7) Importer(815301076,1909f56bfc062723c751e8b465ee728b)
Start importing Packages/com.unity.2d.animation/Editor/Assets/ComponentIcons/Animation.SpriteLibraryManager.png using Guid(99a16529bede740b6816c895741a9fb7) Importer(815301076,1909f56bfc062723c751e8b465ee728b)  -> (artifact id: '49d4eb49d1100dbab958707ee296cced') in 0.005075 seconds
Number of updated asset objects reloaded before import = 0
Number of asset objects unloaded after import = 3
========================================================================
Received Import Request.
  Time since last request: 0.041931 seconds.
  path: Packages/com.unity.2d.animation/Editor/Assets/ComponentIcons/Animation.SpriteLibraryManager On@32.png
  artifactKey: Guid(4a3c64ec8ad964011aa28fb633e9b153) Importer(815301076,1909f56bfc062723c751e8b465ee728b)
Start importing Packages/com.unity.2d.animation/Editor/Assets/ComponentIcons/Animation.SpriteLibraryManager On@32.png using Guid(4a3c64ec8ad964011aa28fb633e9b153) Importer(815301076,1909f56bfc062723c751e8b465ee728b)  -> (artifact id: 'a4d9f419da7d23ab63f8f80b0803f362') in 0.004912 seconds
Number of updated asset objects reloaded before import = 0
Number of asset objects unloaded after import = 3
========================================================================
Received Import Request.
  Time since last request: 0.174479 seconds.
  path: Packages/com.unity.2d.animation/Editor/Assets/ComponentIcons/Animation.SpriteLibraryManager On@128.png
  artifactKey: Guid(57f8befb92b364ca1bcae0f34c27e2d3) Importer(815301076,1909f56bfc062723c751e8b465ee728b)
Start importing Packages/com.unity.2d.animation/Editor/Assets/ComponentIcons/Animation.SpriteLibraryManager On@128.png using Guid(57f8befb92b364ca1bcae0f34c27e2d3) Importer(815301076,1909f56bfc062723c751e8b465ee728b)  -> (artifact id: '0bed9f77fed9577bb85938711a54bff7') in 0.006587 seconds
Number of updated asset objects reloaded before import = 0
Number of asset objects unloaded after import = 3
========================================================================
Received Import Request.
  Time since last request: 0.187942 seconds.
  path: Packages/com.unity.2d.animation/Editor/Assets/ComponentIcons/Animation.SpriteLibraryManager@32.png
  artifactKey: Guid(3b9a6aa9cd66c475ea8cba88e186779f) Importer(815301076,1909f56bfc062723c751e8b465ee728b)
Start importing Packages/com.unity.2d.animation/Editor/Assets/ComponentIcons/Animation.SpriteLibraryManager@32.png using Guid(3b9a6aa9cd66c475ea8cba88e186779f) Importer(815301076,1909f56bfc062723c751e8b465ee728b)  -> (artifact id: '18cb834add744815ef0cd6dbc9822b7a') in 0.004921 seconds
Number of updated asset objects reloaded before import = 0
Number of asset objects unloaded after import = 3
========================================================================
Received Import Request.
  Time since last request: 0.034709 seconds.
  path: Packages/com.unity.2d.animation/Editor/Assets/ComponentIcons/Animation.SpriteLibraryManager@128.png
  artifactKey: Guid(d1c6278de296d42b6a5c6330b16ab729) Importer(815301076,1909f56bfc062723c751e8b465ee728b)
Start importing Packages/com.unity.2d.animation/Editor/Assets/ComponentIcons/Animation.SpriteLibraryManager@128.png using Guid(d1c6278de296d42b6a5c6330b16ab729) Importer(815301076,1909f56bfc062723c751e8b465ee728b)  -> (artifact id: '0e646512548436ec654d1c6f7b597c3e') in 0.007814 seconds
Number of updated asset objects reloaded before import = 0
Number of asset objects unloaded after import = 3
========================================================================
Received Import Request.
  Time since last request: 0.042916 seconds.
  path: Packages/com.unity.2d.animation/Editor/Assets/ComponentIcons/Animation.SpriteLibraryVar.png
  artifactKey: Guid(0490d28a1206e4c4cb4954be7b678980) Importer(815301076,1909f56bfc062723c751e8b465ee728b)
Start importing Packages/com.unity.2d.animation/Editor/Assets/ComponentIcons/Animation.SpriteLibraryVar.png using Guid(0490d28a1206e4c4cb4954be7b678980) Importer(815301076,1909f56bfc062723c751e8b465ee728b)  -> (artifact id: '18f80ffb0cb8e1b4cc4668bfc939f934') in 0.004634 seconds
Number of updated asset objects reloaded before import = 0
Number of asset objects unloaded after import = 3
========================================================================
Received Import Request.
  Time since last request: 0.257433 seconds.
  path: Packages/com.unity.2d.animation/Editor/Assets/ComponentIcons/Animation.SpriteLibraryVar On@32.png
  artifactKey: Guid(2a8bf227319d4421f91d9375e3ae59bf) Importer(815301076,1909f56bfc062723c751e8b465ee728b)
Start importing Packages/com.unity.2d.animation/Editor/Assets/ComponentIcons/Animation.SpriteLibraryVar On@32.png using Guid(2a8bf227319d4421f91d9375e3ae59bf) Importer(815301076,1909f56bfc062723c751e8b465ee728b)  -> (artifact id: '327347d57ae70e5898c4fa46d49cd0d7') in 0.004787 seconds
Number of updated asset objects reloaded before import = 0
Number of asset objects unloaded after import = 3
========================================================================
Received Import Request.
  Time since last request: 0.120406 seconds.
  path: Packages/com.unity.2d.animation/Editor/Assets/ComponentIcons/Animation.SpriteLibraryVar On@128.png
  artifactKey: Guid(e2c573f07f6d7471d9cad8cb2a5fece0) Importer(815301076,1909f56bfc062723c751e8b465ee728b)
Start importing Packages/com.unity.2d.animation/Editor/Assets/ComponentIcons/Animation.SpriteLibraryVar On@128.png using Guid(e2c573f07f6d7471d9cad8cb2a5fece0) Importer(815301076,1909f56bfc062723c751e8b465ee728b)  -> (artifact id: 'ecbc9b54d9e3312f449ef1e4a95485c8') in 0.007590 seconds
Number of updated asset objects reloaded before import = 0
Number of asset objects unloaded after import = 3
========================================================================
Received Import Request.
  Time since last request: 0.030142 seconds.
  path: Packages/com.unity.2d.animation/Editor/Assets/ComponentIcons/Animation.SpriteLibraryVar@32.png
  artifactKey: Guid(3e3d41c162ad74767b66168d4d94b99c) Importer(815301076,1909f56bfc062723c751e8b465ee728b)
Start importing Packages/com.unity.2d.animation/Editor/Assets/ComponentIcons/Animation.SpriteLibraryVar@32.png using Guid(3e3d41c162ad74767b66168d4d94b99c) Importer(815301076,1909f56bfc062723c751e8b465ee728b)  -> (artifact id: 'b33a2a1fbab63a9ad956cdd0a3c62f39') in 0.004972 seconds
Number of updated asset objects reloaded before import = 0
Number of asset objects unloaded after import = 3
========================================================================
Received Import Request.
  Time since last request: 0.081194 seconds.
  path: Packages/com.unity.2d.animation/Editor/Assets/ComponentIcons/Animation.SpriteLibraryVar@128.png
  artifactKey: Guid(5c718c499137a4dc48bbf03037c806f6) Importer(815301076,1909f56bfc062723c751e8b465ee728b)
Start importing Packages/com.unity.2d.animation/Editor/Assets/ComponentIcons/Animation.SpriteLibraryVar@128.png using Guid(5c718c499137a4dc48bbf03037c806f6) Importer(815301076,1909f56bfc062723c751e8b465ee728b)  -> (artifact id: '03b089e4cf94f1d225e584213012368c') in 0.008386 seconds
Number of updated asset objects reloaded before import = 0
Number of asset objects unloaded after import = 3
========================================================================
Received Import Request.
  Time since last request: 0.140026 seconds.
  path: Packages/com.unity.2d.animation/Editor/Assets/ComponentIcons/Animation.SpriteResolver.png
  artifactKey: Guid(31d22d44ff25f4a5c95ac4842b5fb74f) Importer(815301076,1909f56bfc062723c751e8b465ee728b)
Start importing Packages/com.unity.2d.animation/Editor/Assets/ComponentIcons/Animation.SpriteResolver.png using Guid(31d22d44ff25f4a5c95ac4842b5fb74f) Importer(815301076,1909f56bfc062723c751e8b465ee728b)  -> (artifact id: '489594e73ed1c83a630ac40ca5449a92') in 0.004558 seconds
Number of updated asset objects reloaded before import = 0
Number of asset objects unloaded after import = 3
========================================================================
Received Import Request.
  Time since last request: 0.145505 seconds.
  path: Packages/com.unity.2d.animation/Editor/Assets/ComponentIcons/Animation.SpriteResolver On@32.png
  artifactKey: Guid(6e2a81314a40c43849866fb7490cb521) Importer(815301076,1909f56bfc062723c751e8b465ee728b)
Start importing Packages/com.unity.2d.animation/Editor/Assets/ComponentIcons/Animation.SpriteResolver On@32.png using Guid(6e2a81314a40c43849866fb7490cb521) Importer(815301076,1909f56bfc062723c751e8b465ee728b)  -> (artifact id: '393dc41a6a82fd7a7081ac6b85914c75') in 0.005435 seconds
Number of updated asset objects reloaded before import = 0
Number of asset objects unloaded after import = 3
========================================================================
Received Import Request.
  Time since last request: 0.026555 seconds.
  path: Packages/com.unity.2d.animation/Editor/Assets/ComponentIcons/Animation.SpriteResolver On@128.png
  artifactKey: Guid(5c838469e8ab742f081032f02a904a31) Importer(815301076,1909f56bfc062723c751e8b465ee728b)
Start importing Packages/com.unity.2d.animation/Editor/Assets/ComponentIcons/Animation.SpriteResolver On@128.png using Guid(5c838469e8ab742f081032f02a904a31) Importer(815301076,1909f56bfc062723c751e8b465ee728b)  -> (artifact id: 'aee340de462f912d4f986fdfbce2d797') in 0.007971 seconds
Number of updated asset objects reloaded before import = 0
Number of asset objects unloaded after import = 3
========================================================================
Received Import Request.
  Time since last request: 0.015238 seconds.
  path: Packages/com.unity.2d.animation/Editor/Assets/ComponentIcons/Animation.SpriteResolver@32.png
  artifactKey: Guid(f6dd722ee2cfe46a6bddf89ead1edade) Importer(815301076,1909f56bfc062723c751e8b465ee728b)
Start importing Packages/com.unity.2d.animation/Editor/Assets/ComponentIcons/Animation.SpriteResolver@32.png using Guid(f6dd722ee2cfe46a6bddf89ead1edade) Importer(815301076,1909f56bfc062723c751e8b465ee728b)  -> (artifact id: '9279c899663afbd03ace086274b06889') in 0.006273 seconds
Number of updated asset objects reloaded before import = 0
Number of asset objects unloaded after import = 3
========================================================================
Received Import Request.
  Time since last request: 0.030188 seconds.
  path: Packages/com.unity.2d.animation/Editor/Assets/ComponentIcons/Animation.SpriteResolver@128.png
  artifactKey: Guid(ce009ee7a4fb24c1da2f07064894e6c4) Importer(815301076,1909f56bfc062723c751e8b465ee728b)
Start importing Packages/com.unity.2d.animation/Editor/Assets/ComponentIcons/Animation.SpriteResolver@128.png using Guid(ce009ee7a4fb24c1da2f07064894e6c4) Importer(815301076,1909f56bfc062723c751e8b465ee728b)  -> (artifact id: 'a091b5e4b0f4d375cf91f477b9cac390') in 0.005387 seconds
Number of updated asset objects reloaded before import = 0
Number of asset objects unloaded after import = 3
========================================================================
Received Import Request.
  Time since last request: 0.020764 seconds.
  path: Packages/com.unity.2d.animation/Editor/Assets/ComponentIcons/Animation.SpriteSkin.png
  artifactKey: Guid(5624c7cbaca684b9faada94188a2e7a1) Importer(815301076,1909f56bfc062723c751e8b465ee728b)
Start importing Packages/com.unity.2d.animation/Editor/Assets/ComponentIcons/Animation.SpriteSkin.png using Guid(5624c7cbaca684b9faada94188a2e7a1) Importer(815301076,1909f56bfc062723c751e8b465ee728b)  -> (artifact id: '823f4df73954a510b60dc4dc606808a7') in 0.005219 seconds
Number of updated asset objects reloaded before import = 0
Number of asset objects unloaded after import = 3
========================================================================
Received Import Request.
  Time since last request: 0.022433 seconds.
  path: Packages/com.unity.2d.animation/Editor/Assets/ComponentIcons/Animation.SpriteSkin On@32.png
  artifactKey: Guid(c48d0173f2d2c40679bc236de8551a69) Importer(815301076,1909f56bfc062723c751e8b465ee728b)
Start importing Packages/com.unity.2d.animation/Editor/Assets/ComponentIcons/Animation.SpriteSkin On@32.png using Guid(c48d0173f2d2c40679bc236de8551a69) Importer(815301076,1909f56bfc062723c751e8b465ee728b)  -> (artifact id: 'df79fb88587371ef87fae55314bc9f1d') in 0.005308 seconds
Number of updated asset objects reloaded before import = 0
Number of asset objects unloaded after import = 3
========================================================================
Received Import Request.
  Time since last request: 0.001908 seconds.
  path: Packages/com.unity.2d.animation/Editor/Assets/ComponentIcons/Animation.SpriteSkin On@128.png
  artifactKey: Guid(d2ddd27a2c7de4ad99b3d8c9d00e4265) Importer(815301076,1909f56bfc062723c751e8b465ee728b)
Start importing Packages/com.unity.2d.animation/Editor/Assets/ComponentIcons/Animation.SpriteSkin On@128.png using Guid(d2ddd27a2c7de4ad99b3d8c9d00e4265) Importer(815301076,1909f56bfc062723c751e8b465ee728b)  -> (artifact id: 'e8afaa1482336a0a6116da62f1b10d25') in 0.005829 seconds
Number of updated asset objects reloaded before import = 0
Number of asset objects unloaded after import = 3
========================================================================
Received Import Request.
  Time since last request: 0.016808 seconds.
  path: Packages/com.unity.2d.animation/Editor/Assets/ComponentIcons/Animation.SpriteSkin@32.png
  artifactKey: Guid(35f90efdb1e6d4fb29c4108de82bf1b2) Importer(815301076,1909f56bfc062723c751e8b465ee728b)
Start importing Packages/com.unity.2d.animation/Editor/Assets/ComponentIcons/Animation.SpriteSkin@32.png using Guid(35f90efdb1e6d4fb29c4108de82bf1b2) Importer(815301076,1909f56bfc062723c751e8b465ee728b)  -> (artifact id: '84eef8ff5b515ba641745462b011653e') in 0.004921 seconds
Number of updated asset objects reloaded before import = 0
Number of asset objects unloaded after import = 3
========================================================================
Received Import Request.
  Time since last request: 0.022071 seconds.
  path: Packages/com.unity.2d.animation/Editor/Assets/ComponentIcons/Animation.SpriteSkin@128.png
  artifactKey: Guid(5caee0ba7342b4b2cacdbe0e6030c7b0) Importer(815301076,1909f56bfc062723c751e8b465ee728b)
Start importing Packages/com.unity.2d.animation/Editor/Assets/ComponentIcons/Animation.SpriteSkin@128.png using Guid(5caee0ba7342b4b2cacdbe0e6030c7b0) Importer(815301076,1909f56bfc062723c751e8b465ee728b)  -> (artifact id: '798a191bc6f66107cb75a585a339604f') in 0.005272 seconds
Number of updated asset objects reloaded before import = 0
Number of asset objects unloaded after import = 3
========================================================================
Received Import Request.
  Time since last request: 0.000976 seconds.
  path: Packages/com.unity.2d.animation/Editor/Assets/EditorIcons/Light/Bone.png
  artifactKey: Guid(62ce01ddca719d34ea9648c586a7cc94) Importer(815301076,1909f56bfc062723c751e8b465ee728b)
Start importing Packages/com.unity.2d.animation/Editor/Assets/EditorIcons/Light/Bone.png using Guid(62ce01ddca719d34ea9648c586a7cc94) Importer(815301076,1909f56bfc062723c751e8b465ee728b)  -> (artifact id: '43fb24b6bf583f06e75c8ddf1c337d27') in 0.005116 seconds
Number of updated asset objects reloaded before import = 0
Number of asset objects unloaded after import = 3
========================================================================
Received Import Request.
  Time since last request: 0.021028 seconds.
  path: Packages/com.unity.2d.animation/Editor/Assets/EditorIcons/Light/Bone@3x.png
  artifactKey: Guid(76beef9fdae7b48468ddf07d0400a374) Importer(815301076,1909f56bfc062723c751e8b465ee728b)
Start importing Packages/com.unity.2d.animation/Editor/Assets/EditorIcons/Light/Bone@3x.png using Guid(76beef9fdae7b48468ddf07d0400a374) Importer(815301076,1909f56bfc062723c751e8b465ee728b)  -> (artifact id: 'db8f790f395ffe00f52bf2fd99742428') in 0.005340 seconds
Number of updated asset objects reloaded before import = 0
Number of asset objects unloaded after import = 3
========================================================================
Received Import Request.
  Time since last request: 0.018967 seconds.
  path: Packages/com.unity.2d.animation/Editor/Assets/EditorIcons/Selected/Bone_Influence.png
  artifactKey: Guid(ff00345da0563d641903c5bd5bb748a4) Importer(815301076,1909f56bfc062723c751e8b465ee728b)
Start importing Packages/com.unity.2d.animation/Editor/Assets/EditorIcons/Selected/Bone_Influence.png using Guid(ff00345da0563d641903c5bd5bb748a4) Importer(815301076,1909f56bfc062723c751e8b465ee728b)  -> (artifact id: 'a9e6a3ec65282395f8a6c9c7505449d4') in 0.005472 seconds
Number of updated asset objects reloaded before import = 0
Number of asset objects unloaded after import = 3
========================================================================
Received Import Request.
  Time since last request: 0.137248 seconds.
  path: Packages/com.unity.2d.animation/Editor/Assets/EditorIcons/Selected/Bone_Influence@2x.png
  artifactKey: Guid(0779ad3feec52124e97114bcbb12ef13) Importer(815301076,1909f56bfc062723c751e8b465ee728b)
Start importing Packages/com.unity.2d.animation/Editor/Assets/EditorIcons/Selected/Bone_Influence@2x.png using Guid(0779ad3feec52124e97114bcbb12ef13) Importer(815301076,1909f56bfc062723c751e8b465ee728b)  -> (artifact id: '591a933e1f8bfa49d30c7830f76cb656') in 0.005653 seconds
Number of updated asset objects reloaded before import = 0
Number of asset objects unloaded after import = 3
========================================================================
Received Import Request.
  Time since last request: 0.020403 seconds.
  path: Packages/com.unity.2d.animation/Editor/Assets/EditorIcons/Selected/Bone_Influence@3x.png
  artifactKey: Guid(68e5a78013e33f247822a837e55b0ab4) Importer(815301076,1909f56bfc062723c751e8b465ee728b)
Start importing Packages/com.unity.2d.animation/Editor/Assets/EditorIcons/Selected/Bone_Influence@3x.png using Guid(68e5a78013e33f247822a837e55b0ab4) Importer(815301076,1909f56bfc062723c751e8b465ee728b)  -> (artifact id: '86417f411df15ef774fa46478fc5613d') in 0.006912 seconds
Number of updated asset objects reloaded before import = 0
Number of asset objects unloaded after import = 3
========================================================================
Received Import Request.
  Time since last request: 0.025457 seconds.
  path: Packages/com.unity.2d.animation/Editor/Assets/EditorIcons/Selected/Bone_Influence@4x.png
  artifactKey: Guid(daf2ab606d4db0d4f9ecf4c02137d2a8) Importer(815301076,1909f56bfc062723c751e8b465ee728b)
Start importing Packages/com.unity.2d.animation/Editor/Assets/EditorIcons/Selected/Bone_Influence@4x.png using Guid(daf2ab606d4db0d4f9ecf4c02137d2a8) Importer(815301076,1909f56bfc062723c751e8b465ee728b)  -> (artifact id: 'b7fb0c30f0036fac30c4b9e4669d2f46') in 0.005935 seconds
Number of updated asset objects reloaded before import = 0
Number of asset objects unloaded after import = 3
========================================================================
Received Import Request.
  Time since last request: 0.020999 seconds.
  path: Packages/com.unity.2d.animation/Editor/Assets/EditorIcons/Selected/character_Mode.png
  artifactKey: Guid(e60718119cec31e4190849292fcde068) Importer(815301076,1909f56bfc062723c751e8b465ee728b)
Start importing Packages/com.unity.2d.animation/Editor/Assets/EditorIcons/Selected/character_Mode.png using Guid(e60718119cec31e4190849292fcde068) Importer(815301076,1909f56bfc062723c751e8b465ee728b)  -> (artifact id: '28b498fc682f5c31f4d34668c814287f') in 0.006861 seconds
Number of updated asset objects reloaded before import = 0
Number of asset objects unloaded after import = 3
========================================================================
Received Import Request.
  Time since last request: 0.015367 seconds.
  path: Packages/com.unity.2d.animation/Editor/Assets/EditorIcons/Light/character_Mode@2x.png
  artifactKey: Guid(25096ce515c063c48a2bd6b108c95912) Importer(815301076,1909f56bfc062723c751e8b465ee728b)
Start importing Packages/com.unity.2d.animation/Editor/Assets/EditorIcons/Light/character_Mode@2x.png using Guid(25096ce515c063c48a2bd6b108c95912) Importer(815301076,1909f56bfc062723c751e8b465ee728b)  -> (artifact id: '99967b1e0c41c66ce0f8d22f7608c885') in 0.005458 seconds
Number of updated asset objects reloaded before import = 0
Number of asset objects unloaded after import = 3
========================================================================
Received Import Request.
  Time since last request: 0.005692 seconds.
  path: Packages/com.unity.2d.animation/Editor/Assets/EditorIcons/Light/character_Mode@3x.png
  artifactKey: Guid(17fa84703485d314b8d6b5216987d4b1) Importer(815301076,1909f56bfc062723c751e8b465ee728b)
Start importing Packages/com.unity.2d.animation/Editor/Assets/EditorIcons/Light/character_Mode@3x.png using Guid(17fa84703485d314b8d6b5216987d4b1) Importer(815301076,1909f56bfc062723c751e8b465ee728b)  -> (artifact id: '866e37e263df84ec61e95b33569ab0ac') in 0.008175 seconds
Number of updated asset objects reloaded before import = 0
Number of asset objects unloaded after import = 3
========================================================================
Received Import Request.
  Time since last request: 0.022073 seconds.
  path: Packages/com.unity.2d.animation/Editor/Assets/EditorIcons/Light/character_Mode@4x.png
  artifactKey: Guid(748ae8b33df036b46a86e0387f1602cf) Importer(815301076,1909f56bfc062723c751e8b465ee728b)
Start importing Packages/com.unity.2d.animation/Editor/Assets/EditorIcons/Light/character_Mode@4x.png using Guid(748ae8b33df036b46a86e0387f1602cf) Importer(815301076,1909f56bfc062723c751e8b465ee728b)  -> (artifact id: 'bea05b6f62da81086589caa29b9994c7') in 0.005549 seconds
Number of updated asset objects reloaded before import = 0
Number of asset objects unloaded after import = 3
========================================================================
Received Import Request.
  Time since last request: 0.000088 seconds.
  path: Packages/com.unity.2d.animation/Editor/Assets/EditorIcons/Selected/Copy.png
  artifactKey: Guid(678095381d851334fb550c5032ba1a81) Importer(815301076,1909f56bfc062723c751e8b465ee728b)
Start importing Packages/com.unity.2d.animation/Editor/Assets/EditorIcons/Selected/Copy.png using Guid(678095381d851334fb550c5032ba1a81) Importer(815301076,1909f56bfc062723c751e8b465ee728b)  -> (artifact id: 'a04aacc352841b3d864e04e5bd7e3e37') in 0.004736 seconds
Number of updated asset objects reloaded before import = 0
Number of asset objects unloaded after import = 3
========================================================================
Received Import Request.
  Time since last request: 0.023102 seconds.
  path: Packages/com.unity.2d.animation/Editor/Assets/EditorIcons/Selected/Copy@2x.png
  artifactKey: Guid(6cc5103edc9f0dd4f80e8274c73dfeac) Importer(815301076,1909f56bfc062723c751e8b465ee728b)
Start importing Packages/com.unity.2d.animation/Editor/Assets/EditorIcons/Selected/Copy@2x.png using Guid(6cc5103edc9f0dd4f80e8274c73dfeac) Importer(815301076,1909f56bfc062723c751e8b465ee728b)  -> (artifact id: '54ec0d422c537fbdbdb17e643e796a9a') in 0.006022 seconds
Number of updated asset objects reloaded before import = 0
Number of asset objects unloaded after import = 3
========================================================================
Received Import Request.
  Time since last request: 0.000111 seconds.
  path: Packages/com.unity.2d.animation/Editor/Assets/EditorIcons/Selected/Copy@3x.png
  artifactKey: Guid(bb51334c6930f864abac38001f7bdf6e) Importer(815301076,1909f56bfc062723c751e8b465ee728b)
Start importing Packages/com.unity.2d.animation/Editor/Assets/EditorIcons/Selected/Copy@3x.png using Guid(bb51334c6930f864abac38001f7bdf6e) Importer(815301076,1909f56bfc062723c751e8b465ee728b)  -> (artifact id: '012d8a3ac2a232d2092b3a5d80ec4fea') in 0.004966 seconds
Number of updated asset objects reloaded before import = 0
Number of asset objects unloaded after import = 3
========================================================================
Received Import Request.
  Time since last request: 0.000105 seconds.
  path: Packages/com.unity.2d.animation/Editor/Assets/EditorIcons/Selected/Copy@4x.png
  artifactKey: Guid(b6a96c7c65795c94abf54a62adbf5c38) Importer(815301076,1909f56bfc062723c751e8b465ee728b)
Start importing Packages/com.unity.2d.animation/Editor/Assets/EditorIcons/Selected/Copy@4x.png using Guid(b6a96c7c65795c94abf54a62adbf5c38) Importer(815301076,1909f56bfc062723c751e8b465ee728b)  -> (artifact id: '2b1a1177c61e80deb262e15a0c7a087c') in 0.005176 seconds
Number of updated asset objects reloaded before import = 0
Number of asset objects unloaded after import = 3
========================================================================
Received Import Request.
  Time since last request: 0.015829 seconds.
  path: Packages/com.unity.2d.animation/Editor/Assets/EditorIcons/Selected/Create Bones.png
  artifactKey: Guid(7b86a539750e1a44ca7ec5b7f690babd) Importer(815301076,1909f56bfc062723c751e8b465ee728b)
Start importing Packages/com.unity.2d.animation/Editor/Assets/EditorIcons/Selected/Create Bones.png using Guid(7b86a539750e1a44ca7ec5b7f690babd) Importer(815301076,1909f56bfc062723c751e8b465ee728b)  -> (artifact id: 'cf165c7c6f84534f1e1042baa4a50817') in 0.004896 seconds
Number of updated asset objects reloaded before import = 0
Number of asset objects unloaded after import = 3
========================================================================
Received Import Request.
  Time since last request: 0.015214 seconds.
  path: Packages/com.unity.2d.animation/Editor/Assets/EditorIcons/Selected/Create Bones@2x.png
  artifactKey: Guid(5b7f664b515582d458717c354f6be292) Importer(815301076,1909f56bfc062723c751e8b465ee728b)
Start importing Packages/com.unity.2d.animation/Editor/Assets/EditorIcons/Selected/Create Bones@2x.png using Guid(5b7f664b515582d458717c354f6be292) Importer(815301076,1909f56bfc062723c751e8b465ee728b)  -> (artifact id: '7d9d1c22154e7365e4707c1317faa06b') in 0.005828 seconds
Number of updated asset objects reloaded before import = 0
Number of asset objects unloaded after import = 3
========================================================================
Received Import Request.
  Time since last request: 0.012737 seconds.
  path: Packages/com.unity.2d.animation/Editor/Assets/EditorIcons/Selected/Create Bones@3x.png
  artifactKey: Guid(7835bec40f86c2c4fb3f91a6eb3b7034) Importer(815301076,1909f56bfc062723c751e8b465ee728b)
Start importing Packages/com.unity.2d.animation/Editor/Assets/EditorIcons/Selected/Create Bones@3x.png using Guid(7835bec40f86c2c4fb3f91a6eb3b7034) Importer(815301076,1909f56bfc062723c751e8b465ee728b)  -> (artifact id: '447add837b01a174b0bbf2b4057e19a8') in 0.007286 seconds
Number of updated asset objects reloaded before import = 0
Number of asset objects unloaded after import = 3
========================================================================
Received Import Request.
  Time since last request: 0.019454 seconds.
  path: Packages/com.unity.2d.animation/Editor/Assets/EditorIcons/Light/Create Bones@4x.png
  artifactKey: Guid(f618c5fe13b18994aa5aee8b97d8dca1) Importer(815301076,1909f56bfc062723c751e8b465ee728b)
Start importing Packages/com.unity.2d.animation/Editor/Assets/EditorIcons/Light/Create Bones@4x.png using Guid(f618c5fe13b18994aa5aee8b97d8dca1) Importer(815301076,1909f56bfc062723c751e8b465ee728b)  -> (artifact id: '83faabc2aaf50bc1ef0704feb70ed0e4') in 0.005777 seconds
Number of updated asset objects reloaded before import = 0
Number of asset objects unloaded after import = 3
========================================================================
Received Import Request.
  Time since last request: 0.018667 seconds.
  path: Packages/com.unity.2d.animation/Editor/Assets/EditorIcons/Light/Create_Edge.png
  artifactKey: Guid(1af9d2e44ecf3a2468601c9071df581f) Importer(815301076,1909f56bfc062723c751e8b465ee728b)
Start importing Packages/com.unity.2d.animation/Editor/Assets/EditorIcons/Light/Create_Edge.png using Guid(1af9d2e44ecf3a2468601c9071df581f) Importer(815301076,1909f56bfc062723c751e8b465ee728b)  -> (artifact id: '7c198bfb7f5ef8c1cbd12e92bfe6945f') in 0.011512 seconds
Number of updated asset objects reloaded before import = 0
Number of asset objects unloaded after import = 3
========================================================================
Received Import Request.
  Time since last request: 0.127382 seconds.
  path: Packages/com.unity.2d.animation/Editor/Assets/EditorIcons/Selected/Create_Edge@2x.png
  artifactKey: Guid(e5da66fa63839274dbffb877e43e888b) Importer(815301076,1909f56bfc062723c751e8b465ee728b)
Start importing Packages/com.unity.2d.animation/Editor/Assets/EditorIcons/Selected/Create_Edge@2x.png using Guid(e5da66fa63839274dbffb877e43e888b) Importer(815301076,1909f56bfc062723c751e8b465ee728b)  -> (artifact id: 'e2778b232d7f6d4b24cf1e0bc3d85a0d') in 0.007283 seconds
Number of updated asset objects reloaded before import = 0
Number of asset objects unloaded after import = 3
========================================================================
Received Import Request.
  Time since last request: 0.019238 seconds.
  path: Packages/com.unity.2d.animation/Editor/Assets/EditorIcons/Selected/Create_Edge@3x.png
  artifactKey: Guid(374643871a39dd44880f1c0eff14f46c) Importer(815301076,1909f56bfc062723c751e8b465ee728b)
Start importing Packages/com.unity.2d.animation/Editor/Assets/EditorIcons/Selected/Create_Edge@3x.png using Guid(374643871a39dd44880f1c0eff14f46c) Importer(815301076,1909f56bfc062723c751e8b465ee728b)  -> (artifact id: '1cecd096e4af15214958b8552a131e4e') in 0.004998 seconds
Number of updated asset objects reloaded before import = 0
Number of asset objects unloaded after import = 3
========================================================================
Received Import Request.
  Time since last request: 0.036669 seconds.
  path: Packages/com.unity.2d.animation/Editor/Assets/EditorIcons/Selected/Create_Edge@4x.png
  artifactKey: Guid(3458c119c69e9bc4f9647599c2901dee) Importer(815301076,1909f56bfc062723c751e8b465ee728b)
Start importing Packages/com.unity.2d.animation/Editor/Assets/EditorIcons/Selected/Create_Edge@4x.png using Guid(3458c119c69e9bc4f9647599c2901dee) Importer(815301076,1909f56bfc062723c751e8b465ee728b)  -> (artifact id: '39860177fea9f2b55547c1c360d2e4c5') in 0.004481 seconds
Number of updated asset objects reloaded before import = 0
Number of asset objects unloaded after import = 3
========================================================================
Received Import Request.
  Time since last request: 0.029736 seconds.
  path: Packages/com.unity.2d.animation/Editor/Assets/EditorIcons/Selected/Create_Vertex.png
  artifactKey: Guid(e7ddb9213511d984f8b951a7c913d83a) Importer(815301076,1909f56bfc062723c751e8b465ee728b)
Start importing Packages/com.unity.2d.animation/Editor/Assets/EditorIcons/Selected/Create_Vertex.png using Guid(e7ddb9213511d984f8b951a7c913d83a) Importer(815301076,1909f56bfc062723c751e8b465ee728b)  -> (artifact id: 'fe1400e5b358dd0fb41a57f18c4e7853') in 0.005104 seconds
Number of updated asset objects reloaded before import = 0
Number of asset objects unloaded after import = 3
========================================================================
Received Import Request.
  Time since last request: 0.017419 seconds.
  path: Packages/com.unity.2d.animation/Editor/Assets/EditorIcons/Light/Create_Vertex@2x.png
  artifactKey: Guid(a0c33b3a6e0728343b29883d739f1322) Importer(815301076,1909f56bfc062723c751e8b465ee728b)
Start importing Packages/com.unity.2d.animation/Editor/Assets/EditorIcons/Light/Create_Vertex@2x.png using Guid(a0c33b3a6e0728343b29883d739f1322) Importer(815301076,1909f56bfc062723c751e8b465ee728b)  -> (artifact id: '3ee576de719a786b36fe69817e4bdd8b') in 0.004991 seconds
Number of updated asset objects reloaded before import = 0
Number of asset objects unloaded after import = 3
========================================================================
Received Import Request.
  Time since last request: 0.020759 seconds.
  path: Packages/com.unity.2d.animation/Editor/Assets/EditorIcons/Selected/Create_Vertex@3x.png
  artifactKey: Guid(47fe565904dc6b1419e9acc62b99812e) Importer(815301076,1909f56bfc062723c751e8b465ee728b)
Start importing Packages/com.unity.2d.animation/Editor/Assets/EditorIcons/Selected/Create_Vertex@3x.png using Guid(47fe565904dc6b1419e9acc62b99812e) Importer(815301076,1909f56bfc062723c751e8b465ee728b)  -> (artifact id: '826b9f73aba05953bbfd19adf6881b58') in 0.005621 seconds
Number of updated asset objects reloaded before import = 0
Number of asset objects unloaded after import = 3
========================================================================
Received Import Request.
  Time since last request: 0.023399 seconds.
  path: Packages/com.unity.2d.animation/Editor/Assets/EditorIcons/Selected/Create_Vertex@4x.png
  artifactKey: Guid(6a7ac9e8c26b12440bf2b1da2ca97794) Importer(815301076,1909f56bfc062723c751e8b465ee728b)
Start importing Packages/com.unity.2d.animation/Editor/Assets/EditorIcons/Selected/Create_Vertex@4x.png using Guid(6a7ac9e8c26b12440bf2b1da2ca97794) Importer(815301076,1909f56bfc062723c751e8b465ee728b)  -> (artifact id: 'be4e70b4b6b6463e4e73feb3e47e73f3') in 0.005978 seconds
Number of updated asset objects reloaded before import = 0
Number of asset objects unloaded after import = 3
========================================================================
Received Import Request.
  Time since last request: 0.015898 seconds.
  path: Packages/com.unity.2d.animation/Editor/Assets/ComponentIcons/d_Animation.IKCCD.png
  artifactKey: Guid(9fa9bae87905c44afb14ac13c8e481d1) Importer(815301076,1909f56bfc062723c751e8b465ee728b)
Start importing Packages/com.unity.2d.animation/Editor/Assets/ComponentIcons/d_Animation.IKCCD.png using Guid(9fa9bae87905c44afb14ac13c8e481d1) Importer(815301076,1909f56bfc062723c751e8b465ee728b)  -> (artifact id: '62ecb39f76254b7e5d99bb5116013ce7') in 0.005810 seconds
Number of updated asset objects reloaded before import = 0
Number of asset objects unloaded after import = 3
========================================================================
Received Import Request.
  Time since last request: 0.019370 seconds.
  path: Packages/com.unity.2d.animation/Editor/Assets/ComponentIcons/d_Animation.IKCCD@64.png
  artifactKey: Guid(dac7ed727b01c440b9eeee0e2641a333) Importer(815301076,1909f56bfc062723c751e8b465ee728b)
Start importing Packages/com.unity.2d.animation/Editor/Assets/ComponentIcons/d_Animation.IKCCD@64.png using Guid(dac7ed727b01c440b9eeee0e2641a333) Importer(815301076,1909f56bfc062723c751e8b465ee728b)  -> (artifact id: '670a7bec3f48a280e18b2824b3e30efa') in 0.006189 seconds
Number of updated asset objects reloaded before import = 0
Number of asset objects unloaded after import = 3
========================================================================
Received Import Request.
  Time since last request: 0.035050 seconds.
  path: Packages/com.unity.2d.animation/Editor/Assets/ComponentIcons/d_Animation.IKCCD@256.png
  artifactKey: Guid(f2df2ca130cfb4705ae418741cb26ff7) Importer(815301076,1909f56bfc062723c751e8b465ee728b)
Start importing Packages/com.unity.2d.animation/Editor/Assets/ComponentIcons/d_Animation.IKCCD@256.png using Guid(f2df2ca130cfb4705ae418741cb26ff7) Importer(815301076,1909f56bfc062723c751e8b465ee728b)  -> (artifact id: '90dc32486bc3055c731f5b3c74d5277a') in 0.006728 seconds
Number of updated asset objects reloaded before import = 0
Number of asset objects unloaded after import = 3
========================================================================
Received Import Request.
  Time since last request: 0.119422 seconds.
  path: Packages/com.unity.2d.animation/Editor/Assets/ComponentIcons/d_Animation.IKFabrik@32.png
  artifactKey: Guid(343de650405d34e75bf52853707670d5) Importer(815301076,1909f56bfc062723c751e8b465ee728b)
Start importing Packages/com.unity.2d.animation/Editor/Assets/ComponentIcons/d_Animation.IKFabrik@32.png using Guid(343de650405d34e75bf52853707670d5) Importer(815301076,1909f56bfc062723c751e8b465ee728b)  -> (artifact id: '19f4c5e2f0e35bb3bba6c6ace1ca2714') in 0.004441 seconds
Number of updated asset objects reloaded before import = 0
Number of asset objects unloaded after import = 3
========================================================================
Received Import Request.
  Time since last request: 0.062238 seconds.
  path: Packages/com.unity.2d.animation/Editor/Assets/ComponentIcons/d_Animation.IKFabrik@128.png
  artifactKey: Guid(af77273b34edb4bacbace0efd118bf1a) Importer(815301076,1909f56bfc062723c751e8b465ee728b)
Start importing Packages/com.unity.2d.animation/Editor/Assets/ComponentIcons/d_Animation.IKFabrik@128.png using Guid(af77273b34edb4bacbace0efd118bf1a) Importer(815301076,1909f56bfc062723c751e8b465ee728b)  -> (artifact id: '4e32294e794fb0d9acc9ab93a90666a9') in 0.006609 seconds
Number of updated asset objects reloaded before import = 0
Number of asset objects unloaded after import = 3
========================================================================
Received Import Request.
  Time since last request: 0.030386 seconds.
  path: Packages/com.unity.2d.animation/Editor/Assets/ComponentIcons/d_Animation.IKLimb.png
  artifactKey: Guid(aba5d07cce7d34a7587f27f48d05dd9b) Importer(815301076,1909f56bfc062723c751e8b465ee728b)
Start importing Packages/com.unity.2d.animation/Editor/Assets/ComponentIcons/d_Animation.IKLimb.png using Guid(aba5d07cce7d34a7587f27f48d05dd9b) Importer(815301076,1909f56bfc062723c751e8b465ee728b)  -> (artifact id: '4847ad50c6977e2b4101a76e62744a48') in 0.005005 seconds
Number of updated asset objects reloaded before import = 0
Number of asset objects unloaded after import = 3
========================================================================
Received Import Request.
  Time since last request: 0.072732 seconds.
  path: Packages/com.unity.2d.animation/Editor/Assets/ComponentIcons/d_Animation.IKLimb@64.png
  artifactKey: Guid(c4b88bdeab9b1418083e414b97e3f1cd) Importer(815301076,1909f56bfc062723c751e8b465ee728b)
Start importing Packages/com.unity.2d.animation/Editor/Assets/ComponentIcons/d_Animation.IKLimb@64.png using Guid(c4b88bdeab9b1418083e414b97e3f1cd) Importer(815301076,1909f56bfc062723c751e8b465ee728b)  -> (artifact id: 'a03585b565af349b274bfce710d97315') in 0.005253 seconds
Number of updated asset objects reloaded before import = 0
Number of asset objects unloaded after import = 3
========================================================================
Received Import Request.
  Time since last request: 0.064927 seconds.
  path: Packages/com.unity.2d.animation/Editor/Assets/ComponentIcons/d_Animation.IKLimb@256.png
  artifactKey: Guid(687d960e2731e4f379851b2bb0b12167) Importer(815301076,1909f56bfc062723c751e8b465ee728b)
Start importing Packages/com.unity.2d.animation/Editor/Assets/ComponentIcons/d_Animation.IKLimb@256.png using Guid(687d960e2731e4f379851b2bb0b12167) Importer(815301076,1909f56bfc062723c751e8b465ee728b)  -> (artifact id: '7e7a0753347fa69a9e9aabe7406a4a19') in 0.006169 seconds
Number of updated asset objects reloaded before import = 0
Number of asset objects unloaded after import = 3
========================================================================
Received Import Request.
  Time since last request: 0.059771 seconds.
  path: Packages/com.unity.2d.animation/Editor/Assets/ComponentIcons/d_Animation.IKManager@32.png
  artifactKey: Guid(305b8effee6b040328c293f518335b37) Importer(815301076,1909f56bfc062723c751e8b465ee728b)
Start importing Packages/com.unity.2d.animation/Editor/Assets/ComponentIcons/d_Animation.IKManager@32.png using Guid(305b8effee6b040328c293f518335b37) Importer(815301076,1909f56bfc062723c751e8b465ee728b)  -> (artifact id: '4b6a727d27bfe25d9ff72d6cc2c934d8') in 0.005319 seconds
Number of updated asset objects reloaded before import = 0
Number of asset objects unloaded after import = 3
========================================================================
Received Import Request.
  Time since last request: 0.177240 seconds.
  path: Packages/com.unity.2d.animation/Editor/Assets/ComponentIcons/d_Animation.IKManager@128.png
  artifactKey: Guid(eddc3b652f54848828296504ee94ec04) Importer(815301076,1909f56bfc062723c751e8b465ee728b)
Start importing Packages/com.unity.2d.animation/Editor/Assets/ComponentIcons/d_Animation.IKManager@128.png using Guid(eddc3b652f54848828296504ee94ec04) Importer(815301076,1909f56bfc062723c751e8b465ee728b)  -> (artifact id: 'cedd2e83cad0d0fdf6b230bfc8699f31') in 0.007888 seconds
Number of updated asset objects reloaded before import = 0
Number of asset objects unloaded after import = 3
========================================================================
Received Import Request.
  Time since last request: 0.031346 seconds.
  path: Packages/com.unity.2d.animation/Editor/Assets/ComponentIcons/d_Animation.SpriteLibrary.png
  artifactKey: Guid(4d3519975d99540eba1637a8a3e58f11) Importer(815301076,1909f56bfc062723c751e8b465ee728b)
Start importing Packages/com.unity.2d.animation/Editor/Assets/ComponentIcons/d_Animation.SpriteLibrary.png using Guid(4d3519975d99540eba1637a8a3e58f11) Importer(815301076,1909f56bfc062723c751e8b465ee728b)  -> (artifact id: 'd6978436be9039130829edd140517008') in 0.004285 seconds
Number of updated asset objects reloaded before import = 0
Number of asset objects unloaded after import = 3
========================================================================
Received Import Request.
  Time since last request: 0.149170 seconds.
  path: Packages/com.unity.2d.animation/Editor/Assets/ComponentIcons/d_Animation.SpriteLibrary@64.png
  artifactKey: Guid(01e72f012aab14abcadc8f12c615e6d6) Importer(815301076,1909f56bfc062723c751e8b465ee728b)
Start importing Packages/com.unity.2d.animation/Editor/Assets/ComponentIcons/d_Animation.SpriteLibrary@64.png using Guid(01e72f012aab14abcadc8f12c615e6d6) Importer(815301076,1909f56bfc062723c751e8b465ee728b)  -> (artifact id: 'e0cdc65beebed0f8928b62dd4b530fb6') in 0.005806 seconds
Number of updated asset objects reloaded before import = 0
Number of asset objects unloaded after import = 3
========================================================================
Received Import Request.
  Time since last request: 0.277829 seconds.
  path: Packages/com.unity.2d.animation/Editor/Assets/ComponentIcons/d_Animation.SpriteLibrary@256.png
  artifactKey: Guid(30a9527ec1b074aca87fdc4fd12b0f0b) Importer(815301076,1909f56bfc062723c751e8b465ee728b)
Start importing Packages/com.unity.2d.animation/Editor/Assets/ComponentIcons/d_Animation.SpriteLibrary@256.png using Guid(30a9527ec1b074aca87fdc4fd12b0f0b) Importer(815301076,1909f56bfc062723c751e8b465ee728b)  -> (artifact id: '07b57713dc2eae61d84d5821adf1d00b') in 0.006661 seconds
Number of updated asset objects reloaded before import = 0
Number of asset objects unloaded after import = 3
========================================================================
Received Import Request.
  Time since last request: 0.674668 seconds.
  path: Packages/com.unity.2d.animation/Editor/Assets/ComponentIcons/d_Animation.SpriteLibraryManager@32.png
  artifactKey: Guid(c07475be16e5e4093a78d5271ca3abfd) Importer(815301076,1909f56bfc062723c751e8b465ee728b)
Start importing Packages/com.unity.2d.animation/Editor/Assets/ComponentIcons/d_Animation.SpriteLibraryManager@32.png using Guid(c07475be16e5e4093a78d5271ca3abfd) Importer(815301076,1909f56bfc062723c751e8b465ee728b)  -> (artifact id: '6303227302aa01d7efbcbafb7b51e40d') in 0.005638 seconds
Number of updated asset objects reloaded before import = 0
Number of asset objects unloaded after import = 3
========================================================================
Received Import Request.
  Time since last request: 0.034896 seconds.
  path: Packages/com.unity.2d.animation/Editor/Assets/ComponentIcons/d_Animation.SpriteLibraryManager@128.png
  artifactKey: Guid(fc88c9e07aafe4904bd795a8dfa811f2) Importer(815301076,1909f56bfc062723c751e8b465ee728b)
Start importing Packages/com.unity.2d.animation/Editor/Assets/ComponentIcons/d_Animation.SpriteLibraryManager@128.png using Guid(fc88c9e07aafe4904bd795a8dfa811f2) Importer(815301076,1909f56bfc062723c751e8b465ee728b)  -> (artifact id: 'a89311989330a0564af6759ccc3d05c1') in 0.006812 seconds
Number of updated asset objects reloaded before import = 0
Number of asset objects unloaded after import = 3
========================================================================
Received Import Request.
  Time since last request: 0.044852 seconds.
  path: Packages/com.unity.2d.animation/Editor/Assets/ComponentIcons/d_Animation.SpriteLibraryVar.png
  artifactKey: Guid(0f23e3a5939b544a695891ff91d452b7) Importer(815301076,1909f56bfc062723c751e8b465ee728b)
Start importing Packages/com.unity.2d.animation/Editor/Assets/ComponentIcons/d_Animation.SpriteLibraryVar.png using Guid(0f23e3a5939b544a695891ff91d452b7) Importer(815301076,1909f56bfc062723c751e8b465ee728b)  -> (artifact id: 'b4ba798daf63fcf22ffcafb2e5e79f1d') in 0.004792 seconds
Number of updated asset objects reloaded before import = 0
Number of asset objects unloaded after import = 3
========================================================================
Received Import Request.
  Time since last request: 2.593620 seconds.
  path: Packages/com.unity.2d.animation/Editor/Assets/ComponentIcons/d_Animation.SpriteLibraryVar@64.png
  artifactKey: Guid(54e0c48589e594d96a00db47801df58b) Importer(815301076,1909f56bfc062723c751e8b465ee728b)
Start importing Packages/com.unity.2d.animation/Editor/Assets/ComponentIcons/d_Animation.SpriteLibraryVar@64.png using Guid(54e0c48589e594d96a00db47801df58b) Importer(815301076,1909f56bfc062723c751e8b465ee728b)  -> (artifact id: '9a5e1c2971d3ae8e5777799ff2295929') in 0.031525 seconds
Number of updated asset objects reloaded before import = 0
Number of asset objects unloaded after import = 3
========================================================================
Received Import Request.
  Time since last request: 0.037172 seconds.
  path: Packages/com.unity.2d.animation/Editor/Assets/ComponentIcons/d_Animation.SpriteLibraryVar@256.png
  artifactKey: Guid(cc7d2cf7748504544a90f45ddac4dc80) Importer(815301076,1909f56bfc062723c751e8b465ee728b)
Start importing Packages/com.unity.2d.animation/Editor/Assets/ComponentIcons/d_Animation.SpriteLibraryVar@256.png using Guid(cc7d2cf7748504544a90f45ddac4dc80) Importer(815301076,1909f56bfc062723c751e8b465ee728b)  -> (artifact id: '0ce78ecd830df497501578f034a92300') in 0.008080 seconds
Number of updated asset objects reloaded before import = 0
Number of asset objects unloaded after import = 3
========================================================================
Received Import Request.
  Time since last request: 0.069695 seconds.
  path: Packages/com.unity.2d.animation/Editor/Assets/ComponentIcons/d_Animation.SpriteResolver@32.png
  artifactKey: Guid(a069762eea60d4e26b7ec2518369623c) Importer(815301076,1909f56bfc062723c751e8b465ee728b)
Start importing Packages/com.unity.2d.animation/Editor/Assets/ComponentIcons/d_Animation.SpriteResolver@32.png using Guid(a069762eea60d4e26b7ec2518369623c) Importer(815301076,1909f56bfc062723c751e8b465ee728b)  -> (artifact id: 'deed4390337bde4eca5499d451d8613b') in 0.004654 seconds
Number of updated asset objects reloaded before import = 0
Number of asset objects unloaded after import = 3
========================================================================
Received Import Request.
  Time since last request: 0.115862 seconds.
  path: Packages/com.unity.2d.animation/Editor/Assets/ComponentIcons/d_Animation.SpriteResolver@128.png
  artifactKey: Guid(71365d6492a2542dc9e34c1b312f722c) Importer(815301076,1909f56bfc062723c751e8b465ee728b)
Start importing Packages/com.unity.2d.animation/Editor/Assets/ComponentIcons/d_Animation.SpriteResolver@128.png using Guid(71365d6492a2542dc9e34c1b312f722c) Importer(815301076,1909f56bfc062723c751e8b465ee728b)  -> (artifact id: 'd9e86cefde5f8c703db236e7bc609a51') in 0.007019 seconds
Number of updated asset objects reloaded before import = 0
Number of asset objects unloaded after import = 3
========================================================================
Received Import Request.
  Time since last request: 0.163980 seconds.
  path: Packages/com.unity.2d.animation/Editor/Assets/ComponentIcons/d_Animation.SpriteSkin.png
  artifactKey: Guid(049256017895a43b4b47a8eb639ad05e) Importer(815301076,1909f56bfc062723c751e8b465ee728b)
Start importing Packages/com.unity.2d.animation/Editor/Assets/ComponentIcons/d_Animation.SpriteSkin.png using Guid(049256017895a43b4b47a8eb639ad05e) Importer(815301076,1909f56bfc062723c751e8b465ee728b)  -> (artifact id: 'c2654e8b43abacae61714344b154dd18') in 0.004757 seconds
Number of updated asset objects reloaded before import = 0
Number of asset objects unloaded after import = 3
========================================================================
Received Import Request.
  Time since last request: 0.033483 seconds.
  path: Packages/com.unity.2d.animation/Editor/Assets/ComponentIcons/d_Animation.SpriteSkin@64.png
  artifactKey: Guid(7ed99b178ead940bf9cc24b0b0213517) Importer(815301076,1909f56bfc062723c751e8b465ee728b)
Start importing Packages/com.unity.2d.animation/Editor/Assets/ComponentIcons/d_Animation.SpriteSkin@64.png using Guid(7ed99b178ead940bf9cc24b0b0213517) Importer(815301076,1909f56bfc062723c751e8b465ee728b)  -> (artifact id: '0cfec43402f094ec7c95c5c741b308a1') in 0.006736 seconds
Number of updated asset objects reloaded before import = 0
Number of asset objects unloaded after import = 3
========================================================================
Received Import Request.
  Time since last request: 0.021539 seconds.
  path: Packages/com.unity.2d.animation/Editor/Assets/ComponentIcons/d_Animation.SpriteSkin@256.png
  artifactKey: Guid(1e7881f6af9ad4c0eb01def7f1b8a31b) Importer(815301076,1909f56bfc062723c751e8b465ee728b)
Start importing Packages/com.unity.2d.animation/Editor/Assets/ComponentIcons/d_Animation.SpriteSkin@256.png using Guid(1e7881f6af9ad4c0eb01def7f1b8a31b) Importer(815301076,1909f56bfc062723c751e8b465ee728b)  -> (artifact id: '8164732a14fb0bef8949c59243a2c25c') in 0.007606 seconds
Number of updated asset objects reloaded before import = 0
Number of asset objects unloaded after import = 3
========================================================================
Received Import Request.
  Time since last request: 0.044147 seconds.
  path: Packages/com.unity.2d.animation/Editor/Assets/EditorIcons/Dark/d_Bone.png
  artifactKey: Guid(fc2eaf4b0441b7645960252182c27446) Importer(815301076,1909f56bfc062723c751e8b465ee728b)
Start importing Packages/com.unity.2d.animation/Editor/Assets/EditorIcons/Dark/d_Bone.png using Guid(fc2eaf4b0441b7645960252182c27446) Importer(815301076,1909f56bfc062723c751e8b465ee728b)  -> (artifact id: '6487e6548b0323c32e518f45a8fe5eb9') in 0.005207 seconds
Number of updated asset objects reloaded before import = 0
Number of asset objects unloaded after import = 3
========================================================================
Received Import Request.
  Time since last request: 0.021016 seconds.
  path: Packages/com.unity.2d.animation/Editor/Assets/EditorIcons/Selected/d_Bone@2x.png
  artifactKey: Guid(24cf210708c57674b894af3341b1738b) Importer(815301076,1909f56bfc062723c751e8b465ee728b)
Start importing Packages/com.unity.2d.animation/Editor/Assets/EditorIcons/Selected/d_Bone@2x.png using Guid(24cf210708c57674b894af3341b1738b) Importer(815301076,1909f56bfc062723c751e8b465ee728b)  -> (artifact id: '5597070d2050daef32370b249cd06fe3') in 0.004855 seconds
Number of updated asset objects reloaded before import = 0
Number of asset objects unloaded after import = 3
========================================================================
Received Import Request.
  Time since last request: 0.019490 seconds.
  path: Packages/com.unity.2d.animation/Editor/Assets/EditorIcons/Dark/d_Bone@3x.png
  artifactKey: Guid(fe145a004cb46de488885e70d26cade0) Importer(815301076,1909f56bfc062723c751e8b465ee728b)
Start importing Packages/com.unity.2d.animation/Editor/Assets/EditorIcons/Dark/d_Bone@3x.png using Guid(fe145a004cb46de488885e70d26cade0) Importer(815301076,1909f56bfc062723c751e8b465ee728b)  -> (artifact id: '881c0c20dcb55e6bc91840ed8158d471') in 0.005323 seconds
Number of updated asset objects reloaded before import = 0
Number of asset objects unloaded after import = 3
========================================================================
Received Import Request.
  Time since last request: 0.018610 seconds.
  path: Packages/com.unity.2d.animation/Editor/Assets/EditorIcons/Selected/d_Bone@4x.png
  artifactKey: Guid(1bb69cd91685d9248a58b144052746f3) Importer(815301076,1909f56bfc062723c751e8b465ee728b)
Start importing Packages/com.unity.2d.animation/Editor/Assets/EditorIcons/Selected/d_Bone@4x.png using Guid(1bb69cd91685d9248a58b144052746f3) Importer(815301076,1909f56bfc062723c751e8b465ee728b)  -> (artifact id: '558c5856b2a6dd9e6914b0e96a4f78d3') in 0.004976 seconds
Number of updated asset objects reloaded before import = 0
Number of asset objects unloaded after import = 3
========================================================================
Received Import Request.
  Time since last request: 0.036067 seconds.
  path: Packages/com.unity.2d.animation/Editor/Assets/EditorIcons/Dark/d_Bone_Influence@2x.png
  artifactKey: Guid(045a46ed7fd32804eb02dc411be96859) Importer(815301076,1909f56bfc062723c751e8b465ee728b)
Start importing Packages/com.unity.2d.animation/Editor/Assets/EditorIcons/Dark/d_Bone_Influence@2x.png using Guid(045a46ed7fd32804eb02dc411be96859) Importer(815301076,1909f56bfc062723c751e8b465ee728b)  -> (artifact id: '9e56be5a5c6c19d3ad9902324cf852ae') in 0.004995 seconds
Number of updated asset objects reloaded before import = 0
Number of asset objects unloaded after import = 3
========================================================================
Received Import Request.
  Time since last request: 0.116393 seconds.
  path: Packages/com.unity.2d.animation/Editor/Assets/EditorIcons/Dark/d_Bone_Influence@4x.png
  artifactKey: Guid(1e0f2b45945c8254abd59f40d783c11f) Importer(815301076,1909f56bfc062723c751e8b465ee728b)
Start importing Packages/com.unity.2d.animation/Editor/Assets/EditorIcons/Dark/d_Bone_Influence@4x.png using Guid(1e0f2b45945c8254abd59f40d783c11f) Importer(815301076,1909f56bfc062723c751e8b465ee728b)  -> (artifact id: 'b0c22aca84aba201e78e00e829513111') in 0.004722 seconds
Number of updated asset objects reloaded before import = 0
Number of asset objects unloaded after import = 3
========================================================================
Received Import Request.
  Time since last request: 0.032669 seconds.
  path: Packages/com.unity.2d.animation/Editor/Assets/EditorIcons/Dark/d_character_Mode@2x.png
  artifactKey: Guid(d4a1388a0d4ee9c44bcaa86e463a7b39) Importer(815301076,1909f56bfc062723c751e8b465ee728b)
Start importing Packages/com.unity.2d.animation/Editor/Assets/EditorIcons/Dark/d_character_Mode@2x.png using Guid(d4a1388a0d4ee9c44bcaa86e463a7b39) Importer(815301076,1909f56bfc062723c751e8b465ee728b)  -> (artifact id: 'c98ce7d9898158c55b976655d09b3952') in 0.004662 seconds
Number of updated asset objects reloaded before import = 0
Number of asset objects unloaded after import = 3
========================================================================
Received Import Request.
  Time since last request: 0.035077 seconds.
  path: Packages/com.unity.2d.animation/Editor/Assets/EditorIcons/Dark/d_character_Mode@4x.png
  artifactKey: Guid(395f6b9556f14704790df6035be6ee3a) Importer(815301076,1909f56bfc062723c751e8b465ee728b)
Start importing Packages/com.unity.2d.animation/Editor/Assets/EditorIcons/Dark/d_character_Mode@4x.png using Guid(395f6b9556f14704790df6035be6ee3a) Importer(815301076,1909f56bfc062723c751e8b465ee728b)  -> (artifact id: '99307ecbaa8513c68c2362bbbe8c2fa4') in 0.004398 seconds
Number of updated asset objects reloaded before import = 0
Number of asset objects unloaded after import = 3
========================================================================
Received Import Request.
  Time since last request: 0.036350 seconds.
  path: Packages/com.unity.2d.animation/Editor/Assets/EditorIcons/Dark/d_Copy@2x.png
  artifactKey: Guid(312df9440efd5df4ea8f6c98591d6b96) Importer(815301076,1909f56bfc062723c751e8b465ee728b)
Start importing Packages/com.unity.2d.animation/Editor/Assets/EditorIcons/Dark/d_Copy@2x.png using Guid(312df9440efd5df4ea8f6c98591d6b96) Importer(815301076,1909f56bfc062723c751e8b465ee728b)  -> (artifact id: 'b5a5a4461be9c372826758b6e617f50d') in 0.004421 seconds
Number of updated asset objects reloaded before import = 0
Number of asset objects unloaded after import = 3
========================================================================
Received Import Request.
  Time since last request: 0.026594 seconds.
  path: Packages/com.unity.2d.animation/Editor/Assets/EditorIcons/Dark/d_Copy@4x.png
  artifactKey: Guid(00b8ce4a201871b498992f536279acf7) Importer(815301076,1909f56bfc062723c751e8b465ee728b)
Start importing Packages/com.unity.2d.animation/Editor/Assets/EditorIcons/Dark/d_Copy@4x.png using Guid(00b8ce4a201871b498992f536279acf7) Importer(815301076,1909f56bfc062723c751e8b465ee728b)  -> (artifact id: 'c87511e547d3281288ca2ab9332583c5') in 0.005800 seconds
Number of updated asset objects reloaded before import = 0
Number of asset objects unloaded after import = 3
========================================================================
Received Import Request.
  Time since last request: 0.023083 seconds.
  path: Packages/com.unity.2d.animation/Editor/Assets/EditorIcons/Dark/d_Create Bones@2x.png
  artifactKey: Guid(fea84712d555ee04a8147088aad76931) Importer(815301076,1909f56bfc062723c751e8b465ee728b)
Start importing Packages/com.unity.2d.animation/Editor/Assets/EditorIcons/Dark/d_Create Bones@2x.png using Guid(fea84712d555ee04a8147088aad76931) Importer(815301076,1909f56bfc062723c751e8b465ee728b)  -> (artifact id: 'c63c038d35e67d5d4d8bf19298bcdbd0') in 0.005796 seconds
Number of updated asset objects reloaded before import = 0
Number of asset objects unloaded after import = 3
========================================================================
Received Import Request.
  Time since last request: 0.031982 seconds.
  path: Packages/com.unity.2d.animation/Editor/Assets/EditorIcons/Dark/d_Create Bones@4x.png
  artifactKey: Guid(7e1aff9652c0dac418d9aa42f5f24dc2) Importer(815301076,1909f56bfc062723c751e8b465ee728b)
Start importing Packages/com.unity.2d.animation/Editor/Assets/EditorIcons/Dark/d_Create Bones@4x.png using Guid(7e1aff9652c0dac418d9aa42f5f24dc2) Importer(815301076,1909f56bfc062723c751e8b465ee728b)  -> (artifact id: '0cfbef702f10061a0497641ae901c49d') in 0.006321 seconds
Number of updated asset objects reloaded before import = 0
Number of asset objects unloaded after import = 3
========================================================================
Received Import Request.
  Time since last request: 0.018696 seconds.
  path: Packages/com.unity.2d.animation/Editor/Assets/EditorIcons/Dark/d_Create_Edge@2x.png
  artifactKey: Guid(ebaf5b914f751a142b6851d985adf69d) Importer(815301076,1909f56bfc062723c751e8b465ee728b)
Start importing Packages/com.unity.2d.animation/Editor/Assets/EditorIcons/Dark/d_Create_Edge@2x.png using Guid(ebaf5b914f751a142b6851d985adf69d) Importer(815301076,1909f56bfc062723c751e8b465ee728b)  -> (artifact id: 'f1fd4b2b3a7af37e1495bc48b72a5b01') in 0.005552 seconds
Number of updated asset objects reloaded before import = 0
Number of asset objects unloaded after import = 3
========================================================================
Received Import Request.
  Time since last request: 0.023207 seconds.
  path: Packages/com.unity.2d.animation/Editor/Assets/EditorIcons/Dark/d_Create_Edge@4x.png
  artifactKey: Guid(62053ed690017d143bd2cfa8e5dc3ff5) Importer(815301076,1909f56bfc062723c751e8b465ee728b)
Start importing Packages/com.unity.2d.animation/Editor/Assets/EditorIcons/Dark/d_Create_Edge@4x.png using Guid(62053ed690017d143bd2cfa8e5dc3ff5) Importer(815301076,1909f56bfc062723c751e8b465ee728b)  -> (artifact id: 'a0f4ac74e8d17c29062c39c5110b0ebb') in 0.004823 seconds
Number of updated asset objects reloaded before import = 0
Number of asset objects unloaded after import = 3
========================================================================
Received Import Request.
  Time since last request: 0.034234 seconds.
  path: Packages/com.unity.2d.animation/Editor/Assets/EditorIcons/Dark/d_Create_Vertex@2x.png
  artifactKey: Guid(80a2a0d76c01997428d4213411145e8c) Importer(815301076,1909f56bfc062723c751e8b465ee728b)
Start importing Packages/com.unity.2d.animation/Editor/Assets/EditorIcons/Dark/d_Create_Vertex@2x.png using Guid(80a2a0d76c01997428d4213411145e8c) Importer(815301076,1909f56bfc062723c751e8b465ee728b)  -> (artifact id: '6cf8c487cf3d7feaeabefd909d7b6330') in 0.005600 seconds
Number of updated asset objects reloaded before import = 0
Number of asset objects unloaded after import = 3
========================================================================
Received Import Request.
  Time since last request: 0.105693 seconds.
  path: Packages/com.unity.2d.animation/Editor/Assets/EditorIcons/Dark/d_Create_Vertex@4x.png
  artifactKey: Guid(2ced226d9df062547882002f633ab6ee) Importer(815301076,1909f56bfc062723c751e8b465ee728b)
Start importing Packages/com.unity.2d.animation/Editor/Assets/EditorIcons/Dark/d_Create_Vertex@4x.png using Guid(2ced226d9df062547882002f633ab6ee) Importer(815301076,1909f56bfc062723c751e8b465ee728b)  -> (artifact id: '3bf8184ae6d72e4170a9e23748f300d8') in 0.005044 seconds
Number of updated asset objects reloaded before import = 0
Number of asset objects unloaded after import = 3
========================================================================
Received Import Request.
  Time since last request: 0.019998 seconds.
  path: Packages/com.unity.2d.animation/Editor/Assets/EditorIcons/Dark/d_Edit_Geometry@2x.png
  artifactKey: Guid(2d2e8c77fdf4f364c83224444f65fb4d) Importer(815301076,1909f56bfc062723c751e8b465ee728b)
Start importing Packages/com.unity.2d.animation/Editor/Assets/EditorIcons/Dark/d_Edit_Geometry@2x.png using Guid(2d2e8c77fdf4f364c83224444f65fb4d) Importer(815301076,1909f56bfc062723c751e8b465ee728b)  -> (artifact id: '8defb70ede32cadd4208f9132ba1ad20') in 0.005451 seconds
Number of updated asset objects reloaded before import = 0
Number of asset objects unloaded after import = 3
========================================================================
Received Import Request.
  Time since last request: 0.020989 seconds.
  path: Packages/com.unity.2d.animation/Editor/Assets/EditorIcons/Dark/d_Edit_Geometry@4x.png
  artifactKey: Guid(7af5f1b9cb7fc7645a9f27f070fbe2fd) Importer(815301076,1909f56bfc062723c751e8b465ee728b)
Start importing Packages/com.unity.2d.animation/Editor/Assets/EditorIcons/Dark/d_Edit_Geometry@4x.png using Guid(7af5f1b9cb7fc7645a9f27f070fbe2fd) Importer(815301076,1909f56bfc062723c751e8b465ee728b)  -> (artifact id: 'b7b37a84607975c3e7ccf327888e4d99') in 0.005308 seconds
Number of updated asset objects reloaded before import = 0
Number of asset objects unloaded after import = 3
========================================================================
Received Import Request.
  Time since last request: 0.019030 seconds.
  path: Packages/com.unity.2d.animation/Editor/Assets/EditorIcons/Dark/d_Edit_Joints@2x.png
  artifactKey: Guid(eecbc6949fc2aac40bfe64caade7a594) Importer(815301076,1909f56bfc062723c751e8b465ee728b)
Start importing Packages/com.unity.2d.animation/Editor/Assets/EditorIcons/Dark/d_Edit_Joints@2x.png using Guid(eecbc6949fc2aac40bfe64caade7a594) Importer(815301076,1909f56bfc062723c751e8b465ee728b)  -> (artifact id: '16bf0f2a3300c3a053d4d03565b20513') in 0.005000 seconds
Number of updated asset objects reloaded before import = 0
Number of asset objects unloaded after import = 3
========================================================================
Received Import Request.
  Time since last request: 0.016877 seconds.
  path: Packages/com.unity.2d.animation/Editor/Assets/EditorIcons/Dark/d_Edit_Joints@4x.png
  artifactKey: Guid(15d3c315af8faf2498573371308b9d3e) Importer(815301076,1909f56bfc062723c751e8b465ee728b)
Start importing Packages/com.unity.2d.animation/Editor/Assets/EditorIcons/Dark/d_Edit_Joints@4x.png using Guid(15d3c315af8faf2498573371308b9d3e) Importer(815301076,1909f56bfc062723c751e8b465ee728b)  -> (artifact id: '1e7a06bfa41f7d018f28361d828ff039') in 0.005631 seconds
Number of updated asset objects reloaded before import = 0
Number of asset objects unloaded after import = 3
========================================================================
Received Import Request.
  Time since last request: 0.017463 seconds.
  path: Packages/com.unity.2d.animation/Editor/Assets/EditorIcons/Dark/d_Edit_Pose@2x.png
  artifactKey: Guid(5df5eccb22181f040836da1ea19743e8) Importer(815301076,1909f56bfc062723c751e8b465ee728b)
Start importing Packages/com.unity.2d.animation/Editor/Assets/EditorIcons/Dark/d_Edit_Pose@2x.png using Guid(5df5eccb22181f040836da1ea19743e8) Importer(815301076,1909f56bfc062723c751e8b465ee728b)  -> (artifact id: '728f3f6831e3b7a6fb26a4c28307f9f8') in 0.005823 seconds
Number of updated asset objects reloaded before import = 0
Number of asset objects unloaded after import = 3
========================================================================
Received Import Request.
  Time since last request: 0.000462 seconds.
  path: Packages/com.unity.2d.animation/Editor/Assets/EditorIcons/Dark/d_Edit_Pose@4x.png
  artifactKey: Guid(4f3a106299767d146975053c7be09b97) Importer(815301076,1909f56bfc062723c751e8b465ee728b)
Start importing Packages/com.unity.2d.animation/Editor/Assets/EditorIcons/Dark/d_Edit_Pose@4x.png using Guid(4f3a106299767d146975053c7be09b97) Importer(815301076,1909f56bfc062723c751e8b465ee728b)  -> (artifact id: 'd7ed869b2ddc3c37c6e1bcc95fe3a2b5') in 0.004958 seconds
Number of updated asset objects reloaded before import = 0
Number of asset objects unloaded after import = 3
========================================================================
Received Import Request.
  Time since last request: 0.007033 seconds.
  path: Packages/com.unity.2d.animation/Editor/Assets/ComponentIcons/d_ErrorIcon_Small.png
  artifactKey: Guid(5cc9ffa0f39d24f5ebb62d36675dd296) Importer(815301076,1909f56bfc062723c751e8b465ee728b)
Start importing Packages/com.unity.2d.animation/Editor/Assets/ComponentIcons/d_ErrorIcon_Small.png using Guid(5cc9ffa0f39d24f5ebb62d36675dd296) Importer(815301076,1909f56bfc062723c751e8b465ee728b)  -> (artifact id: '367fb97e4c7591044612ec4d86112511') in 0.004366 seconds
Number of updated asset objects reloaded before import = 0
Number of asset objects unloaded after import = 3
========================================================================
Received Import Request.
  Time since last request: 0.021232 seconds.
  path: Packages/com.unity.2d.animation/Editor/Assets/ComponentIcons/d_ErrorIcon_Small@2x.png
  artifactKey: Guid(11e6f279ade864c6d951e8db74c11b54) Importer(815301076,1909f56bfc062723c751e8b465ee728b)
Start importing Packages/com.unity.2d.animation/Editor/Assets/ComponentIcons/d_ErrorIcon_Small@2x.png using Guid(11e6f279ade864c6d951e8db74c11b54) Importer(815301076,1909f56bfc062723c751e8b465ee728b)  -> (artifact id: '7e49b63b06dd827f6b4f4e37fa4b1a05') in 0.004231 seconds
Number of updated asset objects reloaded before import = 0
Number of asset objects unloaded after import = 3
========================================================================
Received Import Request.
  Time since last request: 0.012343 seconds.
  path: Packages/com.unity.2d.animation/Editor/Assets/EditorIcons/Dark/d_Generate_Geometry@2x.png
  artifactKey: Guid(80cc8d218dc9bee4091ecde845959866) Importer(815301076,1909f56bfc062723c751e8b465ee728b)
Start importing Packages/com.unity.2d.animation/Editor/Assets/EditorIcons/Dark/d_Generate_Geometry@2x.png using Guid(80cc8d218dc9bee4091ecde845959866) Importer(815301076,1909f56bfc062723c751e8b465ee728b)  -> (artifact id: 'afbd46e8c8587e548ec8275b50251998') in 0.004839 seconds
Number of updated asset objects reloaded before import = 0
Number of asset objects unloaded after import = 3
========================================================================
Received Import Request.
  Time since last request: 0.003779 seconds.
  path: Packages/com.unity.2d.animation/Editor/Assets/EditorIcons/Dark/d_Generate_Geometry@4x.png
  artifactKey: Guid(db49e13fa9e16dc44b5ffb6bc43d4235) Importer(815301076,1909f56bfc062723c751e8b465ee728b)
Start importing Packages/com.unity.2d.animation/Editor/Assets/EditorIcons/Dark/d_Generate_Geometry@4x.png using Guid(db49e13fa9e16dc44b5ffb6bc43d4235) Importer(815301076,1909f56bfc062723c751e8b465ee728b)  -> (artifact id: 'abf076e542a34291dc7229e15a539a72') in 0.007507 seconds
Number of updated asset objects reloaded before import = 0
Number of asset objects unloaded after import = 3
========================================================================
Received Import Request.
  Time since last request: 0.015696 seconds.
  path: Packages/com.unity.2d.animation/Editor/Assets/EditorIcons/Dark/d_Generate_Weights@2x.png
  artifactKey: Guid(f7e651b449fe96f42badf0e18b738c78) Importer(815301076,1909f56bfc062723c751e8b465ee728b)
Start importing Packages/com.unity.2d.animation/Editor/Assets/EditorIcons/Dark/d_Generate_Weights@2x.png using Guid(f7e651b449fe96f42badf0e18b738c78) Importer(815301076,1909f56bfc062723c751e8b465ee728b)  -> (artifact id: '4e4f410ea5a53dbff513f7f350acaa9d') in 0.006161 seconds
Number of updated asset objects reloaded before import = 0
Number of asset objects unloaded after import = 3
========================================================================
Received Import Request.
  Time since last request: 0.017891 seconds.
  path: Packages/com.unity.2d.animation/Editor/Assets/EditorIcons/Dark/d_Generate_Weights@4x.png
  artifactKey: Guid(8e88614a5d2aead4998a8c70955662c6) Importer(815301076,1909f56bfc062723c751e8b465ee728b)
Start importing Packages/com.unity.2d.animation/Editor/Assets/EditorIcons/Dark/d_Generate_Weights@4x.png using Guid(8e88614a5d2aead4998a8c70955662c6) Importer(815301076,1909f56bfc062723c751e8b465ee728b)  -> (artifact id: '29464398979d29c33cbc3d4c9aec9777') in 0.006099 seconds
Number of updated asset objects reloaded before import = 0
Number of asset objects unloaded after import = 3
========================================================================
Received Import Request.
  Time since last request: 0.012777 seconds.
  path: Packages/com.unity.2d.animation/Editor/Assets/ComponentIcons/d_GreenCheck.png
  artifactKey: Guid(3706f0af0fd964c949932a2664734f23) Importer(815301076,1909f56bfc062723c751e8b465ee728b)
Start importing Packages/com.unity.2d.animation/Editor/Assets/ComponentIcons/d_GreenCheck.png using Guid(3706f0af0fd964c949932a2664734f23) Importer(815301076,1909f56bfc062723c751e8b465ee728b)  -> (artifact id: 'f7bbc8cf0f457aacae34fd411f9c8fc8') in 0.005307 seconds
Number of updated asset objects reloaded before import = 0
Number of asset objects unloaded after import = 3
========================================================================
Received Import Request.
  Time since last request: 0.012488 seconds.
  path: Packages/com.unity.2d.animation/Editor/Assets/EditorIcons/Dark/d_Mesh.png
  artifactKey: Guid(f4e90b0a1e5a5bc46897cdcf5a142111) Importer(815301076,1909f56bfc062723c751e8b465ee728b)
Start importing Packages/com.unity.2d.animation/Editor/Assets/EditorIcons/Dark/d_Mesh.png using Guid(f4e90b0a1e5a5bc46897cdcf5a142111) Importer(815301076,1909f56bfc062723c751e8b465ee728b)  -> (artifact id: 'ca93246db1cd544d6cc21904c3bb081b') in 0.006026 seconds
Number of updated asset objects reloaded before import = 0
Number of asset objects unloaded after import = 3
========================================================================
Received Import Request.
  Time since last request: 0.020670 seconds.
  path: Packages/com.unity.2d.animation/Editor/Assets/EditorIcons/Selected/d_Mesh@2x.png
  artifactKey: Guid(a14979d2b0467b14abf4467f248460fb) Importer(815301076,1909f56bfc062723c751e8b465ee728b)
Start importing Packages/com.unity.2d.animation/Editor/Assets/EditorIcons/Selected/d_Mesh@2x.png using Guid(a14979d2b0467b14abf4467f248460fb) Importer(815301076,1909f56bfc062723c751e8b465ee728b)  -> (artifact id: 'e0db167763cf74ff55b3fde99b2a797e') in 0.005554 seconds
Number of updated asset objects reloaded before import = 0
Number of asset objects unloaded after import = 3
========================================================================
Received Import Request.
  Time since last request: 0.084366 seconds.
  path: Packages/com.unity.2d.animation/Editor/Assets/EditorIcons/Dark/d_Mesh@3x.png
  artifactKey: Guid(7a1683154a74c9d4e9f993bd6c54f947) Importer(815301076,1909f56bfc062723c751e8b465ee728b)
Start importing Packages/com.unity.2d.animation/Editor/Assets/EditorIcons/Dark/d_Mesh@3x.png using Guid(7a1683154a74c9d4e9f993bd6c54f947) Importer(815301076,1909f56bfc062723c751e8b465ee728b)  -> (artifact id: 'b064db780fa66806c90719f9a7ed7950') in 0.005274 seconds
Number of updated asset objects reloaded before import = 0
Number of asset objects unloaded after import = 3
========================================================================
Received Import Request.
  Time since last request: 0.020106 seconds.
  path: Packages/com.unity.2d.animation/Editor/Assets/EditorIcons/Selected/d_Mesh@4x.png
  artifactKey: Guid(2b4752bce841cc74bb73820ce5212d34) Importer(815301076,1909f56bfc062723c751e8b465ee728b)
Start importing Packages/com.unity.2d.animation/Editor/Assets/EditorIcons/Selected/d_Mesh@4x.png using Guid(2b4752bce841cc74bb73820ce5212d34) Importer(815301076,1909f56bfc062723c751e8b465ee728b)  -> (artifact id: 'ee4f8138a5bef09b6842b9a4a268e9e9') in 0.004653 seconds
Number of updated asset objects reloaded before import = 0
Number of asset objects unloaded after import = 3
========================================================================
Received Import Request.
  Time since last request: 0.000178 seconds.
  path: Packages/com.unity.2d.animation/Editor/Assets/EditorIcons/Dark/d_Parent_Bone@2x.png
  artifactKey: Guid(1038032ed9d668e438d3f97dd8014cbb) Importer(815301076,1909f56bfc062723c751e8b465ee728b)
Start importing Packages/com.unity.2d.animation/Editor/Assets/EditorIcons/Dark/d_Parent_Bone@2x.png using Guid(1038032ed9d668e438d3f97dd8014cbb) Importer(815301076,1909f56bfc062723c751e8b465ee728b)  -> (artifact id: '024ae24269b98616c62b54e5310f4e7e') in 0.005283 seconds
Number of updated asset objects reloaded before import = 0
Number of asset objects unloaded after import = 3
========================================================================
Received Import Request.
  Time since last request: 0.007283 seconds.
  path: Packages/com.unity.2d.animation/Editor/Assets/EditorIcons/Dark/d_Parent_Bone@4x.png
  artifactKey: Guid(c6601234a3b63ef4a9386f8182db5849) Importer(815301076,1909f56bfc062723c751e8b465ee728b)
Start importing Packages/com.unity.2d.animation/Editor/Assets/EditorIcons/Dark/d_Parent_Bone@4x.png using Guid(c6601234a3b63ef4a9386f8182db5849) Importer(815301076,1909f56bfc062723c751e8b465ee728b)  -> (artifact id: 'b261d9f121c432b86d928a1caf0de413') in 0.005936 seconds
Number of updated asset objects reloaded before import = 0
Number of asset objects unloaded after import = 3
========================================================================
Received Import Request.
  Time since last request: 0.007076 seconds.
  path: Packages/com.unity.2d.animation/Editor/Assets/EditorIcons/Dark/d_Paste@2x.png
  artifactKey: Guid(6de1e8bb25ebf5c44b02b794de99154c) Importer(815301076,1909f56bfc062723c751e8b465ee728b)
Start importing Packages/com.unity.2d.animation/Editor/Assets/EditorIcons/Dark/d_Paste@2x.png using Guid(6de1e8bb25ebf5c44b02b794de99154c) Importer(815301076,1909f56bfc062723c751e8b465ee728b)  -> (artifact id: '1e183c6e8dd9cd018b62a27cbf8be655') in 0.005690 seconds
Number of updated asset objects reloaded before import = 0
Number of asset objects unloaded after import = 3
========================================================================
Received Import Request.
  Time since last request: 0.006986 seconds.
  path: Packages/com.unity.2d.animation/Editor/Assets/EditorIcons/Dark/d_Paste@4x.png
  artifactKey: Guid(35a3340b835c797478eb139353421953) Importer(815301076,1909f56bfc062723c751e8b465ee728b)
Start importing Packages/com.unity.2d.animation/Editor/Assets/EditorIcons/Dark/d_Paste@4x.png using Guid(35a3340b835c797478eb139353421953) Importer(815301076,1909f56bfc062723c751e8b465ee728b)  -> (artifact id: '087665101c06d22dea3cdfcd5cb71519') in 0.004616 seconds
Number of updated asset objects reloaded before import = 0
Number of asset objects unloaded after import = 3
========================================================================
Received Import Request.
  Time since last request: 0.000103 seconds.
  path: Packages/com.unity.2d.animation/Editor/Assets/EditorIcons/Dark/d_SetPivot32.png
  artifactKey: Guid(449ceb998ff49400da801fc4d707b896) Importer(815301076,1909f56bfc062723c751e8b465ee728b)
Start importing Packages/com.unity.2d.animation/Editor/Assets/EditorIcons/Dark/d_SetPivot32.png using Guid(449ceb998ff49400da801fc4d707b896) Importer(815301076,1909f56bfc062723c751e8b465ee728b)  -> (artifact id: '6218d5ee79c5ce09b57ff62e173913ee') in 0.006020 seconds
Number of updated asset objects reloaded before import = 0
Number of asset objects unloaded after import = 3
========================================================================
Received Import Request.
  Time since last request: 0.014070 seconds.
  path: Packages/com.unity.2d.animation/Editor/Assets/EditorIcons/Dark/d_SetPivot128.png
  artifactKey: Guid(e105e7dad311341f69e2349618434f7f) Importer(815301076,1909f56bfc062723c751e8b465ee728b)
Start importing Packages/com.unity.2d.animation/Editor/Assets/EditorIcons/Dark/d_SetPivot128.png using Guid(e105e7dad311341f69e2349618434f7f) Importer(815301076,1909f56bfc062723c751e8b465ee728b)  -> (artifact id: '7e7f2d296053b9bd280e6c3bd06ac0b8') in 0.006381 seconds
Number of updated asset objects reloaded before import = 0
Number of asset objects unloaded after import = 3
========================================================================
Received Import Request.
  Time since last request: 0.000083 seconds.
  path: Packages/com.unity.2d.animation/Editor/Assets/EditorIcons/Dark/d_Split Bones@4x.png
  artifactKey: Guid(0bf67b4360dc1cd4caa0338c55219e9e) Importer(815301076,1909f56bfc062723c751e8b465ee728b)
Start importing Packages/com.unity.2d.animation/Editor/Assets/EditorIcons/Dark/d_Split Bones@4x.png using Guid(0bf67b4360dc1cd4caa0338c55219e9e) Importer(815301076,1909f56bfc062723c751e8b465ee728b)  -> (artifact id: '66aef2979864bba2abb9fd34debfe4e1') in 0.006154 seconds
Number of updated asset objects reloaded before import = 0
Number of asset objects unloaded after import = 3
========================================================================
Received Import Request.
  Time since last request: 0.000039 seconds.
  path: Packages/com.unity.2d.animation/Editor/Assets/EditorIcons/Dark/d_Split Bones@2x.png
  artifactKey: Guid(afe7d261eb308984e95ffa8d883fc998) Importer(815301076,1909f56bfc062723c751e8b465ee728b)
Start importing Packages/com.unity.2d.animation/Editor/Assets/EditorIcons/Dark/d_Split Bones@2x.png using Guid(afe7d261eb308984e95ffa8d883fc998) Importer(815301076,1909f56bfc062723c751e8b465ee728b)  -> (artifact id: 'b873dfcb29f3160d8908ca38af6daddf') in 0.004658 seconds
Number of updated asset objects reloaded before import = 0
Number of asset objects unloaded after import = 3
========================================================================
Received Import Request.
  Time since last request: 0.000133 seconds.
  path: Packages/com.unity.2d.animation/Editor/Assets/EditorIcons/Dark/d_Split_Edge@2x.png
  artifactKey: Guid(22fade1e2426f684a9c315c974f50d18) Importer(815301076,1909f56bfc062723c751e8b465ee728b)
Start importing Packages/com.unity.2d.animation/Editor/Assets/EditorIcons/Dark/d_Split_Edge@2x.png using Guid(22fade1e2426f684a9c315c974f50d18) Importer(815301076,1909f56bfc062723c751e8b465ee728b)  -> (artifact id: 'a01f57dd380187eab3546c6ed3106314') in 0.005790 seconds
Number of updated asset objects reloaded before import = 0
Number of asset objects unloaded after import = 3
========================================================================
Received Import Request.
  Time since last request: 0.009459 seconds.
  path: Packages/com.unity.2d.animation/Editor/Assets/EditorIcons/Dark/d_Split_Edge@3x.png
  artifactKey: Guid(03cb0f9b9d35a14499ccade97f1b3da1) Importer(815301076,1909f56bfc062723c751e8b465ee728b)
Start importing Packages/com.unity.2d.animation/Editor/Assets/EditorIcons/Dark/d_Split_Edge@3x.png using Guid(03cb0f9b9d35a14499ccade97f1b3da1) Importer(815301076,1909f56bfc062723c751e8b465ee728b)  -> (artifact id: '22815d0cecde919c35742dbb590bba1f') in 0.007966 seconds
Number of updated asset objects reloaded before import = 0
Number of asset objects unloaded after import = 3
========================================================================
Received Import Request.
  Time since last request: 0.000129 seconds.
  path: Packages/com.unity.2d.animation/Editor/Assets/EditorIcons/Dark/d_Sprite_Influence@3x.png
  artifactKey: Guid(dd74e4fa4aa2947d6a14ab33d32d7c63) Importer(815301076,1909f56bfc062723c751e8b465ee728b)
Start importing Packages/com.unity.2d.animation/Editor/Assets/EditorIcons/Dark/d_Sprite_Influence@3x.png using Guid(dd74e4fa4aa2947d6a14ab33d32d7c63) Importer(815301076,1909f56bfc062723c751e8b465ee728b)  -> (artifact id: 'd03fd7a37abd376e8b3efe5a3cebd30a') in 0.004240 seconds
Number of updated asset objects reloaded before import = 0
Number of asset objects unloaded after import = 3
========================================================================
Received Import Request.
  Time since last request: 0.000071 seconds.
  path: Packages/com.unity.2d.animation/Editor/Assets/EditorIcons/Dark/d_Sprite_Influence@4x.png
  artifactKey: Guid(58702b682724446469909705bca1de62) Importer(815301076,1909f56bfc062723c751e8b465ee728b)
Start importing Packages/com.unity.2d.animation/Editor/Assets/EditorIcons/Dark/d_Sprite_Influence@4x.png using Guid(58702b682724446469909705bca1de62) Importer(815301076,1909f56bfc062723c751e8b465ee728b)  -> (artifact id: '446e466b0c137e3fa6df0bf4617472a3') in 0.005201 seconds
Number of updated asset objects reloaded before import = 0
Number of asset objects unloaded after import = 3
========================================================================
Received Import Request.
  Time since last request: 0.000134 seconds.
  path: Packages/com.unity.2d.animation/Editor/Assets/EditorIcons/Dark/d_Sprite_Mode@4x.png
  artifactKey: Guid(177f0e0a4941a464f935c21b367d57c7) Importer(815301076,1909f56bfc062723c751e8b465ee728b)
Start importing Packages/com.unity.2d.animation/Editor/Assets/EditorIcons/Dark/d_Sprite_Mode@4x.png using Guid(177f0e0a4941a464f935c21b367d57c7) Importer(815301076,1909f56bfc062723c751e8b465ee728b)  -> (artifact id: '7fcc8fd99ab4124a950a233cb7a05d36') in 0.004420 seconds
Number of updated asset objects reloaded before import = 0
Number of asset objects unloaded after import = 3
========================================================================
Received Import Request.
  Time since last request: 0.000108 seconds.
  path: Packages/com.unity.2d.animation/Editor/Assets/EditorIcons/Dark/d_Sprite_Mode@3x.png
  artifactKey: Guid(6027031a7453da24f95d0af9a2308c52) Importer(815301076,1909f56bfc062723c751e8b465ee728b)
Start importing Packages/com.unity.2d.animation/Editor/Assets/EditorIcons/Dark/d_Sprite_Mode@3x.png using Guid(6027031a7453da24f95d0af9a2308c52) Importer(815301076,1909f56bfc062723c751e8b465ee728b)  -> (artifact id: 'c82496dd2834c1746f5330709cc16f90') in 0.004849 seconds
Number of updated asset objects reloaded before import = 0
Number of asset objects unloaded after import = 3
========================================================================
Received Import Request.
  Time since last request: 0.001551 seconds.
  path: Packages/com.unity.2d.animation/Editor/Assets/EditorIcons/Selected/d_Visibility_Hidded.png
  artifactKey: Guid(53537648d368cf6459e256af3d925e09) Importer(815301076,1909f56bfc062723c751e8b465ee728b)
Start importing Packages/com.unity.2d.animation/Editor/Assets/EditorIcons/Selected/d_Visibility_Hidded.png using Guid(53537648d368cf6459e256af3d925e09) Importer(815301076,1909f56bfc062723c751e8b465ee728b)  -> (artifact id: '4acb79ac46ec0a8e098adcf0ec95cead') in 0.004458 seconds
Number of updated asset objects reloaded before import = 0
Number of asset objects unloaded after import = 3
========================================================================
Received Import Request.
  Time since last request: 0.018572 seconds.
  path: Packages/com.unity.2d.animation/Editor/Assets/EditorIcons/Selected/d_Visibility_Hidded@2x.png
  artifactKey: Guid(1a2673cb12e2ed1459bc6ab5dad05aae) Importer(815301076,1909f56bfc062723c751e8b465ee728b)
Start importing Packages/com.unity.2d.animation/Editor/Assets/EditorIcons/Selected/d_Visibility_Hidded@2x.png using Guid(1a2673cb12e2ed1459bc6ab5dad05aae) Importer(815301076,1909f56bfc062723c751e8b465ee728b)  -> (artifact id: '2ff8a81d94d6fb3778c20008435f2977') in 0.004702 seconds
Number of updated asset objects reloaded before import = 0
Number of asset objects unloaded after import = 3
========================================================================
Received Import Request.
  Time since last request: 0.000067 seconds.
  path: Packages/com.unity.2d.animation/Editor/Assets/EditorIcons/Selected/d_Visibility_Hidded@3x.png
  artifactKey: Guid(dc1f494fe190bd54bb487d11e639d5fc) Importer(815301076,1909f56bfc062723c751e8b465ee728b)
Start importing Packages/com.unity.2d.animation/Editor/Assets/EditorIcons/Selected/d_Visibility_Hidded@3x.png using Guid(dc1f494fe190bd54bb487d11e639d5fc) Importer(815301076,1909f56bfc062723c751e8b465ee728b)  -> (artifact id: '41b69b5beb2c9c2e8dc85c9966e22d48') in 0.004453 seconds
Number of updated asset objects reloaded before import = 0
Number of asset objects unloaded after import = 3
========================================================================
Received Import Request.
  Time since last request: 0.000160 seconds.
  path: Packages/com.unity.2d.animation/Editor/Assets/EditorIcons/Selected/d_Visibility_Hidded@4x.png
  artifactKey: Guid(8008767850e870a4e8baaf5a6fc8b35c) Importer(815301076,1909f56bfc062723c751e8b465ee728b)
Start importing Packages/com.unity.2d.animation/Editor/Assets/EditorIcons/Selected/d_Visibility_Hidded@4x.png using Guid(8008767850e870a4e8baaf5a6fc8b35c) Importer(815301076,1909f56bfc062723c751e8b465ee728b)  -> (artifact id: 'eba0a1ab9e9b41fe7b4b9d3c6d5625be') in 0.006853 seconds
Number of updated asset objects reloaded before import = 0
Number of asset objects unloaded after import = 3
========================================================================
Received Import Request.
  Time since last request: 0.014342 seconds.
  path: Packages/com.unity.2d.animation/Editor/Assets/EditorIcons/Dark/d_Visibility_Tool.png
  artifactKey: Guid(ac4a94776fb2dd74a910bef3649b5c84) Importer(815301076,1909f56bfc062723c751e8b465ee728b)
Start importing Packages/com.unity.2d.animation/Editor/Assets/EditorIcons/Dark/d_Visibility_Tool.png using Guid(ac4a94776fb2dd74a910bef3649b5c84) Importer(815301076,1909f56bfc062723c751e8b465ee728b)  -> (artifact id: 'de693533c120613029f2e156ebdc54a8') in 0.004801 seconds
Number of updated asset objects reloaded before import = 0
Number of asset objects unloaded after import = 3
========================================================================
Received Import Request.
  Time since last request: 0.000192 seconds.
  path: Packages/com.unity.2d.animation/Editor/Assets/EditorIcons/Selected/d_Visibility_Tool@2x.png
  artifactKey: Guid(a9e89ee3f041fa5459a4e78b37d1e58e) Importer(815301076,1909f56bfc062723c751e8b465ee728b)
Start importing Packages/com.unity.2d.animation/Editor/Assets/EditorIcons/Selected/d_Visibility_Tool@2x.png using Guid(a9e89ee3f041fa5459a4e78b37d1e58e) Importer(815301076,1909f56bfc062723c751e8b465ee728b)  -> (artifact id: '2eec907468ea9c82c1972bd86c197bd6') in 0.005395 seconds
Number of updated asset objects reloaded before import = 0
Number of asset objects unloaded after import = 3
========================================================================
Received Import Request.
  Time since last request: 0.000158 seconds.
  path: Packages/com.unity.2d.animation/Editor/Assets/EditorIcons/Selected/d_Visibility_Tool@3x.png
  artifactKey: Guid(46d5b7ee1aaae3c4d9fd3a54774428d5) Importer(815301076,1909f56bfc062723c751e8b465ee728b)
Start importing Packages/com.unity.2d.animation/Editor/Assets/EditorIcons/Selected/d_Visibility_Tool@3x.png using Guid(46d5b7ee1aaae3c4d9fd3a54774428d5) Importer(815301076,1909f56bfc062723c751e8b465ee728b)  -> (artifact id: 'a2542f50be9ba2203562f07a00705c54') in 0.005514 seconds
Number of updated asset objects reloaded before import = 0
Number of asset objects unloaded after import = 3
========================================================================
Received Import Request.
  Time since last request: 0.000101 seconds.
  path: Packages/com.unity.2d.animation/Editor/Assets/EditorIcons/Dark/d_Visibility_Tool@3x.png
  artifactKey: Guid(8c3b52e1fbc36584d802ee0099c48682) Importer(815301076,1909f56bfc062723c751e8b465ee728b)
Start importing Packages/com.unity.2d.animation/Editor/Assets/EditorIcons/Dark/d_Visibility_Tool@3x.png using Guid(8c3b52e1fbc36584d802ee0099c48682) Importer(815301076,1909f56bfc062723c751e8b465ee728b)  -> (artifact id: '32993a05fd168069c390e787ffb14193') in 0.004838 seconds
Number of updated asset objects reloaded before import = 0
Number of asset objects unloaded after import = 3
========================================================================
Received Import Request.
  Time since last request: 0.012459 seconds.
  path: Packages/com.unity.2d.animation/Editor/Assets/EditorIcons/Dark/d_Visibility_Tool@3x 1.png
  artifactKey: Guid(2fe54232a3d87784e804d41060f1cd8e) Importer(815301076,1909f56bfc062723c751e8b465ee728b)
Start importing Packages/com.unity.2d.animation/Editor/Assets/EditorIcons/Dark/d_Visibility_Tool@3x 1.png using Guid(2fe54232a3d87784e804d41060f1cd8e) Importer(815301076,1909f56bfc062723c751e8b465ee728b)  -> (artifact id: '388341bc4ae3f58f5743f294f95e7edc') in 0.005009 seconds
Number of updated asset objects reloaded before import = 0
Number of asset objects unloaded after import = 3
========================================================================
Received Import Request.
  Time since last request: 0.002541 seconds.
  path: Packages/com.unity.2d.animation/Editor/Assets/EditorIcons/Selected/d_Visibility_Tool@4x.png
  artifactKey: Guid(0167a2d235421ca4f8095daaa1defd4f) Importer(815301076,1909f56bfc062723c751e8b465ee728b)
Start importing Packages/com.unity.2d.animation/Editor/Assets/EditorIcons/Selected/d_Visibility_Tool@4x.png using Guid(0167a2d235421ca4f8095daaa1defd4f) Importer(815301076,1909f56bfc062723c751e8b465ee728b)  -> (artifact id: 'f9dc5f07511de71027ae23416375d84a') in 0.006378 seconds
Number of updated asset objects reloaded before import = 0
Number of asset objects unloaded after import = 3
========================================================================
Received Import Request.
  Time since last request: 0.016785 seconds.
  path: Packages/com.unity.2d.animation/Editor/Assets/EditorIcons/Dark/d_WarningIcon_Small.png
  artifactKey: Guid(01c55d310d72c49d09fecc85021a06ed) Importer(815301076,1909f56bfc062723c751e8b465ee728b)
Start importing Packages/com.unity.2d.animation/Editor/Assets/EditorIcons/Dark/d_WarningIcon_Small.png using Guid(01c55d310d72c49d09fecc85021a06ed) Importer(815301076,1909f56bfc062723c751e8b465ee728b)  -> (artifact id: '0d6539e6c9d1e26c5d754b2fa5b98069') in 0.005140 seconds
Number of updated asset objects reloaded before import = 0
Number of asset objects unloaded after import = 3
========================================================================
Received Import Request.
  Time since last request: 0.003557 seconds.
  path: Packages/com.unity.2d.animation/Editor/Assets/ComponentIcons/d_WarningIcon_Small@2x.png
  artifactKey: Guid(3f2d8e263d8314a48a35859e01318f35) Importer(815301076,1909f56bfc062723c751e8b465ee728b)
Start importing Packages/com.unity.2d.animation/Editor/Assets/ComponentIcons/d_WarningIcon_Small@2x.png using Guid(3f2d8e263d8314a48a35859e01318f35) Importer(815301076,1909f56bfc062723c751e8b465ee728b)  -> (artifact id: 'e4709b284cd35a853b20def7030f4a0a') in 0.006671 seconds
Number of updated asset objects reloaded before import = 0
Number of asset objects unloaded after import = 3
========================================================================
Received Import Request.
  Time since last request: 0.018058 seconds.
  path: Packages/com.unity.2d.animation/Editor/Assets/EditorIcons/Dark/d_Weight_Brush.png
  artifactKey: Guid(e41886f7c5271c74f9adbf719cbd3e67) Importer(815301076,1909f56bfc062723c751e8b465ee728b)
Start importing Packages/com.unity.2d.animation/Editor/Assets/EditorIcons/Dark/d_Weight_Brush.png using Guid(e41886f7c5271c74f9adbf719cbd3e67) Importer(815301076,1909f56bfc062723c751e8b465ee728b)  -> (artifact id: '0a2d66fc6ce1a437e8637608474afd6d') in 0.004410 seconds
Number of updated asset objects reloaded before import = 0
Number of asset objects unloaded after import = 3
========================================================================
Received Import Request.
  Time since last request: 0.013653 seconds.
  path: Packages/com.unity.2d.animation/Editor/Assets/EditorIcons/Dark/d_Weight_Brush@3x.png
  artifactKey: Guid(ba394dd6c02ba3b448659c8a346bf685) Importer(815301076,1909f56bfc062723c751e8b465ee728b)
Start importing Packages/com.unity.2d.animation/Editor/Assets/EditorIcons/Dark/d_Weight_Brush@3x.png using Guid(ba394dd6c02ba3b448659c8a346bf685) Importer(815301076,1909f56bfc062723c751e8b465ee728b)  -> (artifact id: 'eb51720e5e458aa4cdb8903e46a1e59b') in 0.005435 seconds
Number of updated asset objects reloaded before import = 0
Number of asset objects unloaded after import = 3
========================================================================
Received Import Request.
  Time since last request: 0.363574 seconds.
  path: Packages/com.unity.2d.animation/Editor/Assets/EditorIcons/Dark/d_Weight_Slider.png
  artifactKey: Guid(dce15ef65ee3c394cb6cc78d4d70b6d9) Importer(815301076,1909f56bfc062723c751e8b465ee728b)
Start importing Packages/com.unity.2d.animation/Editor/Assets/EditorIcons/Dark/d_Weight_Slider.png using Guid(dce15ef65ee3c394cb6cc78d4d70b6d9) Importer(815301076,1909f56bfc062723c751e8b465ee728b)  -> (artifact id: '8e2b0a34af461c0fdb786907aa8cdea2') in 0.004551 seconds
Number of updated asset objects reloaded before import = 0
Number of asset objects unloaded after import = 3
========================================================================
Received Import Request.
  Time since last request: 0.048235 seconds.
  path: Packages/com.unity.2d.animation/Editor/Assets/EditorIcons/Dark/d_Weight_Slider@3x.png
  artifactKey: Guid(3120ec2beffde56499fe86f755fc25b9) Importer(815301076,1909f56bfc062723c751e8b465ee728b)
Start importing Packages/com.unity.2d.animation/Editor/Assets/EditorIcons/Dark/d_Weight_Slider@3x.png using Guid(3120ec2beffde56499fe86f755fc25b9) Importer(815301076,1909f56bfc062723c751e8b465ee728b)  -> (artifact id: '1d36be788c97e2076bea31895b442c91') in 0.004806 seconds
Number of updated asset objects reloaded before import = 0
Number of asset objects unloaded after import = 3
========================================================================
Received Import Request.
  Time since last request: 0.020297 seconds.
  path: Packages/com.unity.2d.animation/Editor/Assets/EditorIcons/Light/Edit_Geometry.png
  artifactKey: Guid(5242f1eff2245a741a7cec5ada97f9f2) Importer(815301076,1909f56bfc062723c751e8b465ee728b)
Start importing Packages/com.unity.2d.animation/Editor/Assets/EditorIcons/Light/Edit_Geometry.png using Guid(5242f1eff2245a741a7cec5ada97f9f2) Importer(815301076,1909f56bfc062723c751e8b465ee728b)  -> (artifact id: '56036d8827e55e339d096e591e31e9cd') in 0.004785 seconds
Number of updated asset objects reloaded before import = 0
Number of asset objects unloaded after import = 3
========================================================================
Received Import Request.
  Time since last request: 0.031201 seconds.
  path: Packages/com.unity.2d.animation/Editor/Assets/EditorIcons/Selected/Edit_Geometry@2x.png
  artifactKey: Guid(c706f86f6fd02084f9a14727d08b844d) Importer(815301076,1909f56bfc062723c751e8b465ee728b)
Start importing Packages/com.unity.2d.animation/Editor/Assets/EditorIcons/Selected/Edit_Geometry@2x.png using Guid(c706f86f6fd02084f9a14727d08b844d) Importer(815301076,1909f56bfc062723c751e8b465ee728b)  -> (artifact id: '639b9ceab14ccca8b097b47ce4eeb9a1') in 0.005160 seconds
Number of updated asset objects reloaded before import = 0
Number of asset objects unloaded after import = 3
========================================================================
Received Import Request.
  Time since last request: 0.017250 seconds.
  path: Packages/com.unity.2d.animation/Editor/Assets/EditorIcons/Selected/Edit_Geometry@3x.png
  artifactKey: Guid(dd736f22fa93fe9468b8b8b405413957) Importer(815301076,1909f56bfc062723c751e8b465ee728b)
Start importing Packages/com.unity.2d.animation/Editor/Assets/EditorIcons/Selected/Edit_Geometry@3x.png using Guid(dd736f22fa93fe9468b8b8b405413957) Importer(815301076,1909f56bfc062723c751e8b465ee728b)  -> (artifact id: 'f4d9e2852ed9439741499f6da73126cb') in 0.006470 seconds
Number of updated asset objects reloaded before import = 0
Number of asset objects unloaded after import = 3
========================================================================
Received Import Request.
  Time since last request: 0.020591 seconds.
  path: Packages/com.unity.2d.animation/Editor/Assets/EditorIcons/Selected/Edit_Geometry@4x.png
  artifactKey: Guid(1a96ab5f501a8e84c9016458682e1ccb) Importer(815301076,1909f56bfc062723c751e8b465ee728b)
Start importing Packages/com.unity.2d.animation/Editor/Assets/EditorIcons/Selected/Edit_Geometry@4x.png using Guid(1a96ab5f501a8e84c9016458682e1ccb) Importer(815301076,1909f56bfc062723c751e8b465ee728b)  -> (artifact id: 'f51e4d6bcc0371ff0be0b9cdb88f2aff') in 0.006314 seconds
Number of updated asset objects reloaded before import = 0
Number of asset objects unloaded after import = 3
========================================================================
Received Import Request.
  Time since last request: 0.018345 seconds.
  path: Packages/com.unity.2d.animation/Editor/Assets/EditorIcons/Selected/Edit_Joints.png
  artifactKey: Guid(6fd5a08a269c8544095b5c02ab57696b) Importer(815301076,1909f56bfc062723c751e8b465ee728b)
Start importing Packages/com.unity.2d.animation/Editor/Assets/EditorIcons/Selected/Edit_Joints.png using Guid(6fd5a08a269c8544095b5c02ab57696b) Importer(815301076,1909f56bfc062723c751e8b465ee728b)  -> (artifact id: '65982c95cc26bd80b94c38741071f1ef') in 0.005170 seconds
Number of updated asset objects reloaded before import = 0
Number of asset objects unloaded after import = 3
========================================================================
Received Import Request.
  Time since last request: 0.014276 seconds.
  path: Packages/com.unity.2d.animation/Editor/Assets/EditorIcons/Selected/Edit_Joints@2x.png
  artifactKey: Guid(401d7863028c84a4988285a5389f1d79) Importer(815301076,1909f56bfc062723c751e8b465ee728b)
Start importing Packages/com.unity.2d.animation/Editor/Assets/EditorIcons/Selected/Edit_Joints@2x.png using Guid(401d7863028c84a4988285a5389f1d79) Importer(815301076,1909f56bfc062723c751e8b465ee728b)  -> (artifact id: '8fbb5024d4c38d0a39513ff357c33a9e') in 0.004711 seconds
Number of updated asset objects reloaded before import = 0
Number of asset objects unloaded after import = 3
========================================================================
Received Import Request.
  Time since last request: 0.016913 seconds.
  path: Packages/com.unity.2d.animation/Editor/Assets/EditorIcons/Light/Edit_Joints@3x.png
  artifactKey: Guid(da6b55611e420f443a65d0be7a8f8719) Importer(815301076,1909f56bfc062723c751e8b465ee728b)
Start importing Packages/com.unity.2d.animation/Editor/Assets/EditorIcons/Light/Edit_Joints@3x.png using Guid(da6b55611e420f443a65d0be7a8f8719) Importer(815301076,1909f56bfc062723c751e8b465ee728b)  -> (artifact id: 'a6fc87c0b593150ef70e70d72ef336cc') in 0.005523 seconds
Number of updated asset objects reloaded before import = 0
Number of asset objects unloaded after import = 3
========================================================================
Received Import Request.
  Time since last request: 0.032730 seconds.
  path: Packages/com.unity.2d.animation/Editor/Assets/EditorIcons/Light/Edit_Joints@4x.png
  artifactKey: Guid(11030f66cab4dcd4c989fe1de7a7c79c) Importer(815301076,1909f56bfc062723c751e8b465ee728b)
Start importing Packages/com.unity.2d.animation/Editor/Assets/EditorIcons/Light/Edit_Joints@4x.png using Guid(11030f66cab4dcd4c989fe1de7a7c79c) Importer(815301076,1909f56bfc062723c751e8b465ee728b)  -> (artifact id: '9a3848cd7b270b460b7404df38e52fe9') in 0.006192 seconds
Number of updated asset objects reloaded before import = 0
Number of asset objects unloaded after import = 3
========================================================================
Received Import Request.
  Time since last request: 0.025134 seconds.
  path: Packages/com.unity.2d.animation/Editor/Assets/EditorIcons/Light/Edit_Pose.png
  artifactKey: Guid(9369d4108c727134a8f5a9618cfbbf18) Importer(815301076,1909f56bfc062723c751e8b465ee728b)
Start importing Packages/com.unity.2d.animation/Editor/Assets/EditorIcons/Light/Edit_Pose.png using Guid(9369d4108c727134a8f5a9618cfbbf18) Importer(815301076,1909f56bfc062723c751e8b465ee728b)  -> (artifact id: '9b1769db0f4f2cfb0f2625232bc2dcb6') in 0.006257 seconds
Number of updated asset objects reloaded before import = 0
Number of asset objects unloaded after import = 3
========================================================================
Received Import Request.
  Time since last request: 0.115325 seconds.
  path: Packages/com.unity.2d.animation/Editor/Assets/EditorIcons/Light/Edit_Pose@2x.png
  artifactKey: Guid(f169a69b888768d44906789625031d45) Importer(815301076,1909f56bfc062723c751e8b465ee728b)
Start importing Packages/com.unity.2d.animation/Editor/Assets/EditorIcons/Light/Edit_Pose@2x.png using Guid(f169a69b888768d44906789625031d45) Importer(815301076,1909f56bfc062723c751e8b465ee728b)  -> (artifact id: 'ace3916781da71d33ba9fa1114cd7016') in 0.004645 seconds
Number of updated asset objects reloaded before import = 0
Number of asset objects unloaded after import = 3
========================================================================
Received Import Request.
  Time since last request: 0.020126 seconds.
  path: Packages/com.unity.2d.animation/Editor/Assets/EditorIcons/Light/Edit_Pose@3x.png
  artifactKey: Guid(32854586e42553846b24646ce18cf625) Importer(815301076,1909f56bfc062723c751e8b465ee728b)
Start importing Packages/com.unity.2d.animation/Editor/Assets/EditorIcons/Light/Edit_Pose@3x.png using Guid(32854586e42553846b24646ce18cf625) Importer(815301076,1909f56bfc062723c751e8b465ee728b)  -> (artifact id: '9e19aba454d79cd2405e5d640043a8d7') in 0.004767 seconds
Number of updated asset objects reloaded before import = 0
Number of asset objects unloaded after import = 3
========================================================================
Received Import Request.
  Time since last request: 0.012286 seconds.
  path: Packages/com.unity.2d.animation/Editor/Assets/EditorIcons/Selected/Edit_Pose@4x.png
  artifactKey: Guid(eb81c5f176e01b746be35f0aa3603593) Importer(815301076,1909f56bfc062723c751e8b465ee728b)
Start importing Packages/com.unity.2d.animation/Editor/Assets/EditorIcons/Selected/Edit_Pose@4x.png using Guid(eb81c5f176e01b746be35f0aa3603593) Importer(815301076,1909f56bfc062723c751e8b465ee728b)  -> (artifact id: 'f32c411fe2adb8ab4a0ecc778a2d88f1') in 0.008490 seconds
Number of updated asset objects reloaded before import = 0
Number of asset objects unloaded after import = 3
========================================================================
Received Import Request.
  Time since last request: 0.011325 seconds.
  path: Packages/com.unity.2d.animation/Editor/Assets/EditorIcons/Light/ErrorIcon_Small.png
  artifactKey: Guid(b907418b2ad9d40209c49fe8b7fbd43f) Importer(815301076,1909f56bfc062723c751e8b465ee728b)
Start importing Packages/com.unity.2d.animation/Editor/Assets/EditorIcons/Light/ErrorIcon_Small.png using Guid(b907418b2ad9d40209c49fe8b7fbd43f) Importer(815301076,1909f56bfc062723c751e8b465ee728b)  -> (artifact id: '7a2baab2eb1e97025ce52966ea91e8c1') in 0.004807 seconds
Number of updated asset objects reloaded before import = 0
Number of asset objects unloaded after import = 3
========================================================================
Received Import Request.
  Time since last request: 0.021501 seconds.
  path: Packages/com.unity.2d.animation/Editor/Assets/EditorIcons/Light/Generate_Geometry.png
  artifactKey: Guid(cbef2434b36ff174a98995b13ef80390) Importer(815301076,1909f56bfc062723c751e8b465ee728b)
Start importing Packages/com.unity.2d.animation/Editor/Assets/EditorIcons/Light/Generate_Geometry.png using Guid(cbef2434b36ff174a98995b13ef80390) Importer(815301076,1909f56bfc062723c751e8b465ee728b)  -> (artifact id: '157384f8396141104c44cb60c6bdb537') in 0.008968 seconds
Number of updated asset objects reloaded before import = 0
Number of asset objects unloaded after import = 3
========================================================================
Received Import Request.
  Time since last request: 0.007619 seconds.
  path: Packages/com.unity.2d.animation/Editor/Assets/EditorIcons/Light/Generate_Geometry@2x.png
  artifactKey: Guid(ae5924760c9fbf54d89df9f13435887e) Importer(815301076,1909f56bfc062723c751e8b465ee728b)
Start importing Packages/com.unity.2d.animation/Editor/Assets/EditorIcons/Light/Generate_Geometry@2x.png using Guid(ae5924760c9fbf54d89df9f13435887e) Importer(815301076,1909f56bfc062723c751e8b465ee728b)  -> (artifact id: 'dea9e7ded5e2935193f2f683cca2998c') in 0.004686 seconds
Number of updated asset objects reloaded before import = 0
Number of asset objects unloaded after import = 3
========================================================================
Received Import Request.
  Time since last request: 0.007558 seconds.
  path: Packages/com.unity.2d.animation/Editor/Assets/EditorIcons/Light/Generate_Geometry@3x.png
  artifactKey: Guid(902d611ab43afe940bd891d4a3a480f3) Importer(815301076,1909f56bfc062723c751e8b465ee728b)
Start importing Packages/com.unity.2d.animation/Editor/Assets/EditorIcons/Light/Generate_Geometry@3x.png using Guid(902d611ab43afe940bd891d4a3a480f3) Importer(815301076,1909f56bfc062723c751e8b465ee728b)  -> (artifact id: 'fc3740df9e5d62cf74685610545ab84a') in 0.005463 seconds
Number of updated asset objects reloaded before import = 0
Number of asset objects unloaded after import = 3
========================================================================
Received Import Request.
  Time since last request: 0.006403 seconds.
  path: Packages/com.unity.2d.animation/Editor/Assets/EditorIcons/Selected/Generate_Geometry@4x.png
  artifactKey: Guid(7b0bba6a9b6960a4fb500a75d4a4caa0) Importer(815301076,1909f56bfc062723c751e8b465ee728b)
Start importing Packages/com.unity.2d.animation/Editor/Assets/EditorIcons/Selected/Generate_Geometry@4x.png using Guid(7b0bba6a9b6960a4fb500a75d4a4caa0) Importer(815301076,1909f56bfc062723c751e8b465ee728b)  -> (artifact id: 'adcd56d94cad1ed247437fb2a0649e30') in 0.005555 seconds
Number of updated asset objects reloaded before import = 0
Number of asset objects unloaded after import = 3
========================================================================
Received Import Request.
  Time since last request: 0.018540 seconds.
  path: Packages/com.unity.2d.animation/Editor/Assets/EditorIcons/Light/Generate_Weights.png
  artifactKey: Guid(007c4dbed3f8be9429c39de72ee3c2d7) Importer(815301076,1909f56bfc062723c751e8b465ee728b)
Start importing Packages/com.unity.2d.animation/Editor/Assets/EditorIcons/Light/Generate_Weights.png using Guid(007c4dbed3f8be9429c39de72ee3c2d7) Importer(815301076,1909f56bfc062723c751e8b465ee728b)  -> (artifact id: 'b1acf28f890ce9912c74d71529f49634') in 0.004393 seconds
Number of updated asset objects reloaded before import = 0
Number of asset objects unloaded after import = 3
========================================================================
Received Import Request.
  Time since last request: 0.003704 seconds.
  path: Packages/com.unity.2d.animation/Editor/Assets/EditorIcons/Light/Generate_Weights@2x.png
  artifactKey: Guid(ef3672bed7321e34da872e8c2e205209) Importer(815301076,1909f56bfc062723c751e8b465ee728b)
Start importing Packages/com.unity.2d.animation/Editor/Assets/EditorIcons/Light/Generate_Weights@2x.png using Guid(ef3672bed7321e34da872e8c2e205209) Importer(815301076,1909f56bfc062723c751e8b465ee728b)  -> (artifact id: '909d3953cec780e5db78674d7b814bd8') in 0.005768 seconds
Number of updated asset objects reloaded before import = 0
Number of asset objects unloaded after import = 3
========================================================================
Received Import Request.
  Time since last request: 0.006114 seconds.
  path: Packages/com.unity.2d.animation/Editor/Assets/EditorIcons/Light/Generate_Weights@3x.png
  artifactKey: Guid(ed5ce024c84dbdb42ac5037d03e7c039) Importer(815301076,1909f56bfc062723c751e8b465ee728b)
Start importing Packages/com.unity.2d.animation/Editor/Assets/EditorIcons/Light/Generate_Weights@3x.png using Guid(ed5ce024c84dbdb42ac5037d03e7c039) Importer(815301076,1909f56bfc062723c751e8b465ee728b)  -> (artifact id: '153520849398336113f831544a002ce4') in 0.005685 seconds
Number of updated asset objects reloaded before import = 0
Number of asset objects unloaded after import = 3
========================================================================
Received Import Request.
  Time since last request: 0.016089 seconds.
  path: Packages/com.unity.2d.animation/Editor/Assets/EditorIcons/Light/Generate_Weights@4x.png
  artifactKey: Guid(a56b84f780e8aef439e9a83d60ca7420) Importer(815301076,1909f56bfc062723c751e8b465ee728b)
Start importing Packages/com.unity.2d.animation/Editor/Assets/EditorIcons/Light/Generate_Weights@4x.png using Guid(a56b84f780e8aef439e9a83d60ca7420) Importer(815301076,1909f56bfc062723c751e8b465ee728b)  -> (artifact id: 'fc14ce878b714758c497257c3c8f2922') in 0.004620 seconds
Number of updated asset objects reloaded before import = 0
Number of asset objects unloaded after import = 3
========================================================================
Received Import Request.
  Time since last request: 0.002345 seconds.
  path: Packages/com.unity.2d.animation/Editor/Assets/EditorIcons/Light/GreenCheck.png
  artifactKey: Guid(e751b2190ea1e42ec80e6470bc9a15ac) Importer(815301076,1909f56bfc062723c751e8b465ee728b)
Start importing Packages/com.unity.2d.animation/Editor/Assets/EditorIcons/Light/GreenCheck.png using Guid(e751b2190ea1e42ec80e6470bc9a15ac) Importer(815301076,1909f56bfc062723c751e8b465ee728b)  -> (artifact id: '6e1659859e163e9a41e622fd321d91d5') in 0.004567 seconds
Number of updated asset objects reloaded before import = 0
Number of asset objects unloaded after import = 3
========================================================================
Received Import Request.
  Time since last request: 0.017624 seconds.
  path: Packages/com.unity.2d.psdimporter/Editor/Assets/Icons/Selected/Layers Collapsed@1x.png
  artifactKey: Guid(2870bda067c0e4d58911767e41709dd2) Importer(815301076,1909f56bfc062723c751e8b465ee728b)
Start importing Packages/com.unity.2d.psdimporter/Editor/Assets/Icons/Selected/Layers Collapsed@1x.png using Guid(2870bda067c0e4d58911767e41709dd2) Importer(815301076,1909f56bfc062723c751e8b465ee728b)  -> (artifact id: 'b3df7457168a6f327464c7a89cfddc9b') in 0.005447 seconds
Number of updated asset objects reloaded before import = 0
Number of asset objects unloaded after import = 3
========================================================================
Received Import Request.
  Time since last request: 0.012629 seconds.
  path: Packages/com.unity.2d.psdimporter/Editor/Assets/Icons/Selected/Layers Collapsed@2x.png
  artifactKey: Guid(68f9e990182e8491b9c0f3dc88cd0158) Importer(815301076,1909f56bfc062723c751e8b465ee728b)
Start importing Packages/com.unity.2d.psdimporter/Editor/Assets/Icons/Selected/Layers Collapsed@2x.png using Guid(68f9e990182e8491b9c0f3dc88cd0158) Importer(815301076,1909f56bfc062723c751e8b465ee728b)  -> (artifact id: '77cc12805230593dd1e065c92f21b8da') in 0.004631 seconds
Number of updated asset objects reloaded before import = 0
Number of asset objects unloaded after import = 3
========================================================================
Received Import Request.
  Time since last request: 0.012692 seconds.
  path: Packages/com.unity.2d.psdimporter/Editor/Assets/Icons/Dark/Layers Collapsed@2x.png
  artifactKey: Guid(360cfd7debcd44adfbb69d1911de502d) Importer(815301076,1909f56bfc062723c751e8b465ee728b)
Start importing Packages/com.unity.2d.psdimporter/Editor/Assets/Icons/Dark/Layers Collapsed@2x.png using Guid(360cfd7debcd44adfbb69d1911de502d) Importer(815301076,1909f56bfc062723c751e8b465ee728b)  -> (artifact id: 'ee636897448e21024eb6bacc3e305a98') in 0.004166 seconds
Number of updated asset objects reloaded before import = 0
Number of asset objects unloaded after import = 3
========================================================================
Received Import Request.
  Time since last request: 0.013067 seconds.
  path: Packages/com.unity.2d.psdimporter/Editor/Assets/Icons/Dark/Layers Collapsed@4x.png
  artifactKey: Guid(ea5547bcdee4e4a8cb4705499aabe76d) Importer(815301076,1909f56bfc062723c751e8b465ee728b)
Start importing Packages/com.unity.2d.psdimporter/Editor/Assets/Icons/Dark/Layers Collapsed@4x.png using Guid(ea5547bcdee4e4a8cb4705499aabe76d) Importer(815301076,1909f56bfc062723c751e8b465ee728b)  -> (artifact id: 'b5d00392b01a3970f0c023814b0d13e7') in 0.006233 seconds
Number of updated asset objects reloaded before import = 0
Number of asset objects unloaded after import = 3
========================================================================
Received Import Request.
  Time since last request: 0.011523 seconds.
  path: Packages/com.unity.2d.psdimporter/Editor/Assets/Icons/Dark/Layers Collapsed@8x.png
  artifactKey: Guid(8649c1c76eb014a4d9e24547717f1619) Importer(815301076,1909f56bfc062723c751e8b465ee728b)
Start importing Packages/com.unity.2d.psdimporter/Editor/Assets/Icons/Dark/Layers Collapsed@8x.png using Guid(8649c1c76eb014a4d9e24547717f1619) Importer(815301076,1909f56bfc062723c751e8b465ee728b)  -> (artifact id: '670ad049b3828d195fe23578adad2876') in 0.006998 seconds
Number of updated asset objects reloaded before import = 0
Number of asset objects unloaded after import = 3
========================================================================
Received Import Request.
  Time since last request: 0.114389 seconds.
  path: Packages/com.unity.2d.psdimporter/Editor/Assets/Icons/Light/Layers Collapsed@8x.png
  artifactKey: Guid(5c35aefb0965746fc8ade2cd405f2ac7) Importer(815301076,1909f56bfc062723c751e8b465ee728b)
Start importing Packages/com.unity.2d.psdimporter/Editor/Assets/Icons/Light/Layers Collapsed@8x.png using Guid(5c35aefb0965746fc8ade2cd405f2ac7) Importer(815301076,1909f56bfc062723c751e8b465ee728b)  -> (artifact id: 'ddae00023db7431886ec49655161e2d4') in 0.006073 seconds
Number of updated asset objects reloaded before import = 0
Number of asset objects unloaded after import = 3
========================================================================
Received Import Request.
  Time since last request: 0.018628 seconds.
  path: Packages/com.unity.2d.psdimporter/Editor/Assets/Icons/Selected/Layers Collapsed@16x.png
  artifactKey: Guid(7ffc8f310c89c47679285e29d8583529) Importer(815301076,1909f56bfc062723c751e8b465ee728b)
Start importing Packages/com.unity.2d.psdimporter/Editor/Assets/Icons/Selected/Layers Collapsed@16x.png using Guid(7ffc8f310c89c47679285e29d8583529) Importer(815301076,1909f56bfc062723c751e8b465ee728b)  -> (artifact id: '9cafb4beb08cfa61e1ff280188ba0f32') in 0.005465 seconds
Number of updated asset objects reloaded before import = 0
Number of asset objects unloaded after import = 3
========================================================================
Received Import Request.
  Time since last request: 0.025958 seconds.
  path: Packages/com.unity.2d.psdimporter/Editor/Assets/Icons/Dark/Layers Mixed@1x.png
  artifactKey: Guid(8dbb9f40df36243efaad92ce7cddfc71) Importer(815301076,1909f56bfc062723c751e8b465ee728b)
Start importing Packages/com.unity.2d.psdimporter/Editor/Assets/Icons/Dark/Layers Mixed@1x.png using Guid(8dbb9f40df36243efaad92ce7cddfc71) Importer(815301076,1909f56bfc062723c751e8b465ee728b)  -> (artifact id: 'd8c383963f83f2a57b4caca23e650d90') in 0.006020 seconds
Number of updated asset objects reloaded before import = 0
Number of asset objects unloaded after import = 3
========================================================================
Received Import Request.
  Time since last request: 0.001229 seconds.
  path: Packages/com.unity.2d.psdimporter/Editor/Assets/Icons/Selected/Layers Mixed@1x.png
  artifactKey: Guid(332959a914fc9470abaa066b876b0dcc) Importer(815301076,1909f56bfc062723c751e8b465ee728b)
Start importing Packages/com.unity.2d.psdimporter/Editor/Assets/Icons/Selected/Layers Mixed@1x.png using Guid(332959a914fc9470abaa066b876b0dcc) Importer(815301076,1909f56bfc062723c751e8b465ee728b)  -> (artifact id: '8d2e51ed8d3b293acd351c16d3555618') in 0.005499 seconds
Number of updated asset objects reloaded before import = 0
Number of asset objects unloaded after import = 3
========================================================================
Received Import Request.
  Time since last request: 0.023524 seconds.
  path: Packages/com.unity.2d.psdimporter/Editor/Assets/Icons/Light/Layers Mixed@2x.png
  artifactKey: Guid(bd2c5ec8522954323aba72f213024f60) Importer(815301076,1909f56bfc062723c751e8b465ee728b)
Start importing Packages/com.unity.2d.psdimporter/Editor/Assets/Icons/Light/Layers Mixed@2x.png using Guid(bd2c5ec8522954323aba72f213024f60) Importer(815301076,1909f56bfc062723c751e8b465ee728b)  -> (artifact id: '49c4cb42cabdb5adfda10b7ee17e663a') in 0.004960 seconds
Number of updated asset objects reloaded before import = 0
Number of asset objects unloaded after import = 3
========================================================================
Received Import Request.
  Time since last request: 0.002905 seconds.
  path: Packages/com.unity.2d.psdimporter/Editor/Assets/Icons/Light/Layers Mixed@4x.png
  artifactKey: Guid(4b3e1d5f95a1a455c917ca9403d9283d) Importer(815301076,1909f56bfc062723c751e8b465ee728b)
Start importing Packages/com.unity.2d.psdimporter/Editor/Assets/Icons/Light/Layers Mixed@4x.png using Guid(4b3e1d5f95a1a455c917ca9403d9283d) Importer(815301076,1909f56bfc062723c751e8b465ee728b)  -> (artifact id: '9c3bb294f80dee7119412c414aba852f') in 0.004579 seconds
Number of updated asset objects reloaded before import = 0
Number of asset objects unloaded after import = 3
========================================================================
Received Import Request.
  Time since last request: 0.009153 seconds.
  path: Packages/com.unity.2d.psdimporter/Editor/Assets/Icons/Selected/Layers Mixed@4x.png
  artifactKey: Guid(32ae70dfad34e4a56a3f40eaf723f739) Importer(815301076,1909f56bfc062723c751e8b465ee728b)
Start importing Packages/com.unity.2d.psdimporter/Editor/Assets/Icons/Selected/Layers Mixed@4x.png using Guid(32ae70dfad34e4a56a3f40eaf723f739) Importer(815301076,1909f56bfc062723c751e8b465ee728b)  -> (artifact id: '16fc92e878e215e4573549fcf10b6433') in 0.004462 seconds
Number of updated asset objects reloaded before import = 0
Number of asset objects unloaded after import = 3
========================================================================
Received Import Request.
  Time since last request: 0.008900 seconds.
  path: Packages/com.unity.2d.psdimporter/Editor/Assets/Icons/Dark/Layers Mixed@8x.png
  artifactKey: Guid(1088bf24503634e7dbadf455fdcf78b6) Importer(815301076,1909f56bfc062723c751e8b465ee728b)
Start importing Packages/com.unity.2d.psdimporter/Editor/Assets/Icons/Dark/Layers Mixed@8x.png using Guid(1088bf24503634e7dbadf455fdcf78b6) Importer(815301076,1909f56bfc062723c751e8b465ee728b)  -> (artifact id: '10c2b327b53f8b45e3360f1515159549') in 0.006184 seconds
Number of updated asset objects reloaded before import = 0
Number of asset objects unloaded after import = 3
========================================================================
Received Import Request.
  Time since last request: 0.007001 seconds.
  path: Packages/com.unity.2d.psdimporter/Editor/Assets/Icons/Selected/Layers Mixed@16x.png
  artifactKey: Guid(9f3e8a7a640b640feac66da51cc078c5) Importer(815301076,1909f56bfc062723c751e8b465ee728b)
Start importing Packages/com.unity.2d.psdimporter/Editor/Assets/Icons/Selected/Layers Mixed@16x.png using Guid(9f3e8a7a640b640feac66da51cc078c5) Importer(815301076,1909f56bfc062723c751e8b465ee728b)  -> (artifact id: '3c8c8d5d32083dc64ccf020344a688b9') in 0.005843 seconds
Number of updated asset objects reloaded before import = 0
Number of asset objects unloaded after import = 3
========================================================================
Received Import Request.
  Time since last request: 0.019630 seconds.
  path: Packages/com.unity.2d.psdimporter/Editor/Assets/Icons/Dark/Layers Mixed@16x.png
  artifactKey: Guid(cce85e132a43842a09301fd497983f25) Importer(815301076,1909f56bfc062723c751e8b465ee728b)
Start importing Packages/com.unity.2d.psdimporter/Editor/Assets/Icons/Dark/Layers Mixed@16x.png using Guid(cce85e132a43842a09301fd497983f25) Importer(815301076,1909f56bfc062723c751e8b465ee728b)  -> (artifact id: '67c75b90caaf5f2856dfaac392c2ed28') in 0.004928 seconds
Number of updated asset objects reloaded before import = 0
Number of asset objects unloaded after import = 3
========================================================================
Received Import Request.
  Time since last request: 0.000031 seconds.
  path: Packages/com.unity.2d.psdimporter/Editor/Assets/Icons/Light/Layers Separated@1x.png
  artifactKey: Guid(7d9554fa1b4bb4fe9a5b1248eaa02ad1) Importer(815301076,1909f56bfc062723c751e8b465ee728b)
Start importing Packages/com.unity.2d.psdimporter/Editor/Assets/Icons/Light/Layers Separated@1x.png using Guid(7d9554fa1b4bb4fe9a5b1248eaa02ad1) Importer(815301076,1909f56bfc062723c751e8b465ee728b)  -> (artifact id: 'ffbc0a333852b1ae4c3d66862ce926b7') in 0.004496 seconds
Number of updated asset objects reloaded before import = 0
Number of asset objects unloaded after import = 3
========================================================================
Received Import Request.
  Time since last request: 0.009314 seconds.
  path: Packages/com.unity.2d.psdimporter/Editor/Assets/Icons/Dark/Layers Separated@2x.png
  artifactKey: Guid(e269a78d88d514e4c9bde97d573d7e45) Importer(815301076,1909f56bfc062723c751e8b465ee728b)
Start importing Packages/com.unity.2d.psdimporter/Editor/Assets/Icons/Dark/Layers Separated@2x.png using Guid(e269a78d88d514e4c9bde97d573d7e45) Importer(815301076,1909f56bfc062723c751e8b465ee728b)  -> (artifact id: '395d241694eac7bc2f4ffac82c34f6c2') in 0.004750 seconds
Number of updated asset objects reloaded before import = 0
Number of asset objects unloaded after import = 3
========================================================================
Received Import Request.
  Time since last request: 0.006676 seconds.
  path: Packages/com.unity.2d.psdimporter/Editor/Assets/Icons/Selected/Layers Separated@2x.png
  artifactKey: Guid(91897a07e69db49ff88db92f445ba845) Importer(815301076,1909f56bfc062723c751e8b465ee728b)
Start importing Packages/com.unity.2d.psdimporter/Editor/Assets/Icons/Selected/Layers Separated@2x.png using Guid(91897a07e69db49ff88db92f445ba845) Importer(815301076,1909f56bfc062723c751e8b465ee728b)  -> (artifact id: '9d7f4fa383aed3d31ebbef555d84ba2f') in 0.005207 seconds
Number of updated asset objects reloaded before import = 0
Number of asset objects unloaded after import = 3
========================================================================
Received Import Request.
  Time since last request: 0.006315 seconds.
  path: Packages/com.unity.2d.psdimporter/Editor/Assets/Icons/Light/Layers Separated@4x.png
  artifactKey: Guid(a4a8b6ebb023f4786b192a65f264a697) Importer(815301076,1909f56bfc062723c751e8b465ee728b)
Start importing Packages/com.unity.2d.psdimporter/Editor/Assets/Icons/Light/Layers Separated@4x.png using Guid(a4a8b6ebb023f4786b192a65f264a697) Importer(815301076,1909f56bfc062723c751e8b465ee728b)  -> (artifact id: 'b931019fbdfc16e9a315c7b449639931') in 0.006174 seconds
Number of updated asset objects reloaded before import = 0
Number of asset objects unloaded after import = 3
========================================================================
Received Import Request.
  Time since last request: 0.017388 seconds.
  path: Packages/com.unity.2d.psdimporter/Editor/Assets/Icons/Dark/Layers Separated@8x.png
  artifactKey: Guid(51ef52b256a104c0ca3268e10a1b1056) Importer(815301076,1909f56bfc062723c751e8b465ee728b)
Start importing Packages/com.unity.2d.psdimporter/Editor/Assets/Icons/Dark/Layers Separated@8x.png using Guid(51ef52b256a104c0ca3268e10a1b1056) Importer(815301076,1909f56bfc062723c751e8b465ee728b)  -> (artifact id: '6c77694d05cdaec4997e41b9c31a1bc2') in 0.005663 seconds
Number of updated asset objects reloaded before import = 0
Number of asset objects unloaded after import = 3
========================================================================
Received Import Request.
  Time since last request: 0.001919 seconds.
  path: Packages/com.unity.2d.psdimporter/Editor/Assets/Icons/Selected/Layers Separated@8x.png
  artifactKey: Guid(15b1d39ac42ce4674bd63f86f9a0c5df) Importer(815301076,1909f56bfc062723c751e8b465ee728b)
Start importing Packages/com.unity.2d.psdimporter/Editor/Assets/Icons/Selected/Layers Separated@8x.png using Guid(15b1d39ac42ce4674bd63f86f9a0c5df) Importer(815301076,1909f56bfc062723c751e8b465ee728b)  -> (artifact id: 'c51941f0750197d1282b9ee845878890') in 0.007203 seconds
Number of updated asset objects reloaded before import = 0
Number of asset objects unloaded after import = 3
========================================================================
Received Import Request.
  Time since last request: 0.023707 seconds.
  path: Packages/com.unity.2d.psdimporter/Editor/Assets/Icons/Light/Layers Separated@16x.png
  artifactKey: Guid(0c6027d31d0b44acbb45af1bcf05e0db) Importer(815301076,1909f56bfc062723c751e8b465ee728b)
Start importing Packages/com.unity.2d.psdimporter/Editor/Assets/Icons/Light/Layers Separated@16x.png using Guid(0c6027d31d0b44acbb45af1bcf05e0db) Importer(815301076,1909f56bfc062723c751e8b465ee728b)  -> (artifact id: 'c86d333218c7ac85ca8f89870f19695a') in 0.007166 seconds
Number of updated asset objects reloaded before import = 0
Number of asset objects unloaded after import = 3
========================================================================
Received Import Request.
  Time since last request: 0.000079 seconds.
  path: Packages/com.unity.2d.animation/Editor/Assets/EditorIcons/Light/Mesh@2x.png
  artifactKey: Guid(242f58a86f3ee8e418809e5fc269d531) Importer(815301076,1909f56bfc062723c751e8b465ee728b)
Start importing Packages/com.unity.2d.animation/Editor/Assets/EditorIcons/Light/Mesh@2x.png using Guid(242f58a86f3ee8e418809e5fc269d531) Importer(815301076,1909f56bfc062723c751e8b465ee728b)  -> (artifact id: 'fa1375d545c095cff43e856c1966943b') in 0.007376 seconds
Number of updated asset objects reloaded before import = 0
Number of asset objects unloaded after import = 3
========================================================================
Received Import Request.
  Time since last request: 0.015883 seconds.
  path: Packages/com.unity.2d.animation/Editor/Assets/EditorIcons/Light/Mesh@3x.png
  artifactKey: Guid(2d95cf258837ba44896030e25b9f2dd7) Importer(815301076,1909f56bfc062723c751e8b465ee728b)
Start importing Packages/com.unity.2d.animation/Editor/Assets/EditorIcons/Light/Mesh@3x.png using Guid(2d95cf258837ba44896030e25b9f2dd7) Importer(815301076,1909f56bfc062723c751e8b465ee728b)  -> (artifact id: '3bc558d4c915fddea9b2579d40961410') in 0.005347 seconds
Number of updated asset objects reloaded before import = 0
Number of asset objects unloaded after import = 3
========================================================================
Received Import Request.
  Time since last request: 0.001947 seconds.
  path: Packages/com.unity.2d.animation/Editor/Assets/EditorIcons/Light/Parent_Bone.png
  artifactKey: Guid(2972f301b2bf3dd46989677197b9a34d) Importer(815301076,1909f56bfc062723c751e8b465ee728b)
Start importing Packages/com.unity.2d.animation/Editor/Assets/EditorIcons/Light/Parent_Bone.png using Guid(2972f301b2bf3dd46989677197b9a34d) Importer(815301076,1909f56bfc062723c751e8b465ee728b)  -> (artifact id: '2167119fe62ff0b8a598ce549bccadc4') in 0.004432 seconds
Number of updated asset objects reloaded before import = 0
Number of asset objects unloaded after import = 3
========================================================================
Received Import Request.
  Time since last request: 0.021242 seconds.
  path: Packages/com.unity.2d.animation/Editor/Assets/EditorIcons/Light/Parent_Bone@2x.png
  artifactKey: Guid(fc9e5a25e0610a347b46fd10daa3f0cd) Importer(815301076,1909f56bfc062723c751e8b465ee728b)
Start importing Packages/com.unity.2d.animation/Editor/Assets/EditorIcons/Light/Parent_Bone@2x.png using Guid(fc9e5a25e0610a347b46fd10daa3f0cd) Importer(815301076,1909f56bfc062723c751e8b465ee728b)  -> (artifact id: '4302f626e98621799e907d3e52d36b05') in 0.004459 seconds
Number of updated asset objects reloaded before import = 0
Number of asset objects unloaded after import = 3
========================================================================
Received Import Request.
  Time since last request: 0.023596 seconds.
  path: Packages/com.unity.2d.animation/Editor/Assets/EditorIcons/Light/Parent_Bone@3x.png
  artifactKey: Guid(a316f87205656c949a135f4c7ae8d5f2) Importer(815301076,1909f56bfc062723c751e8b465ee728b)
Start importing Packages/com.unity.2d.animation/Editor/Assets/EditorIcons/Light/Parent_Bone@3x.png using Guid(a316f87205656c949a135f4c7ae8d5f2) Importer(815301076,1909f56bfc062723c751e8b465ee728b)  -> (artifact id: '6e7518c299e31c8b2b25c7b896c56754') in 0.004837 seconds
Number of updated asset objects reloaded before import = 0
Number of asset objects unloaded after import = 3
========================================================================
Received Import Request.
  Time since last request: 0.022188 seconds.
  path: Packages/com.unity.2d.animation/Editor/Assets/EditorIcons/Light/Parent_Bone@4x.png
  artifactKey: Guid(d0604e80537a4ff4881a6182ae5afe7c) Importer(815301076,1909f56bfc062723c751e8b465ee728b)
Start importing Packages/com.unity.2d.animation/Editor/Assets/EditorIcons/Light/Parent_Bone@4x.png using Guid(d0604e80537a4ff4881a6182ae5afe7c) Importer(815301076,1909f56bfc062723c751e8b465ee728b)  -> (artifact id: 'b28abc25205558117e530f5fdd58cf0e') in 0.004886 seconds
Number of updated asset objects reloaded before import = 0
Number of asset objects unloaded after import = 3
========================================================================
Received Import Request.
  Time since last request: 0.128953 seconds.
  path: Packages/com.unity.2d.animation/Editor/Assets/EditorIcons/Light/Paste.png
  artifactKey: Guid(94cc0d3ec6363a94c8802f10ef239744) Importer(815301076,1909f56bfc062723c751e8b465ee728b)
Start importing Packages/com.unity.2d.animation/Editor/Assets/EditorIcons/Light/Paste.png using Guid(94cc0d3ec6363a94c8802f10ef239744) Importer(815301076,1909f56bfc062723c751e8b465ee728b)  -> (artifact id: '77412ca28b69ce7e7c51228b54be7060') in 0.004642 seconds
Number of updated asset objects reloaded before import = 0
Number of asset objects unloaded after import = 3
========================================================================
Received Import Request.
  Time since last request: 0.031827 seconds.
  path: Packages/com.unity.2d.animation/Editor/Assets/EditorIcons/Light/Paste@2x.png
  artifactKey: Guid(54b8604d8a7085842917d5b83ca73854) Importer(815301076,1909f56bfc062723c751e8b465ee728b)
Start importing Packages/com.unity.2d.animation/Editor/Assets/EditorIcons/Light/Paste@2x.png using Guid(54b8604d8a7085842917d5b83ca73854) Importer(815301076,1909f56bfc062723c751e8b465ee728b)  -> (artifact id: 'f1a85a206c901ce64ee92a050cb30dcc') in 0.004867 seconds
Number of updated asset objects reloaded before import = 0
Number of asset objects unloaded after import = 3
========================================================================
Received Import Request.
  Time since last request: 0.020695 seconds.
  path: Packages/com.unity.2d.animation/Editor/Assets/EditorIcons/Selected/Paste@3x.png
  artifactKey: Guid(e6fe7bda78bd09a46bb7f4a684a91927) Importer(815301076,1909f56bfc062723c751e8b465ee728b)
Start importing Packages/com.unity.2d.animation/Editor/Assets/EditorIcons/Selected/Paste@3x.png using Guid(e6fe7bda78bd09a46bb7f4a684a91927) Importer(815301076,1909f56bfc062723c751e8b465ee728b)  -> (artifact id: '32cea423a10a2c0bbe1cc48c5dcb4744') in 0.004391 seconds
Number of updated asset objects reloaded before import = 0
Number of asset objects unloaded after import = 3
========================================================================
Received Import Request.
  Time since last request: 0.021883 seconds.
  path: Packages/com.unity.2d.animation/Editor/Assets/EditorIcons/Selected/Paste@4x.png
  artifactKey: Guid(5d4fa2fdecdadcb468baaedc792cc439) Importer(815301076,1909f56bfc062723c751e8b465ee728b)
Start importing Packages/com.unity.2d.animation/Editor/Assets/EditorIcons/Selected/Paste@4x.png using Guid(5d4fa2fdecdadcb468baaedc792cc439) Importer(815301076,1909f56bfc062723c751e8b465ee728b)  -> (artifact id: '9bb3e1e0c97388c8a47058e3d595ae5e') in 0.004661 seconds
Number of updated asset objects reloaded before import = 0
Number of asset objects unloaded after import = 3
========================================================================
Received Import Request.
  Time since last request: 0.001681 seconds.
  path: Packages/com.unity.2d.common/Path/Editor/Handles/Path/pointNormal.png
  artifactKey: Guid(2792173d76a5f4d2ebe800b6b4b096cf) Importer(815301076,1909f56bfc062723c751e8b465ee728b)
Start importing Packages/com.unity.2d.common/Path/Editor/Handles/Path/pointNormal.png using Guid(2792173d76a5f4d2ebe800b6b4b096cf) Importer(815301076,1909f56bfc062723c751e8b465ee728b)  -> (artifact id: 'c2dd145d00ea7ec9cabbe08d26913f1b') in 0.011098 seconds
Number of updated asset objects reloaded before import = 0
Number of asset objects unloaded after import = 3
========================================================================
Received Import Request.
  Time since last request: 0.010470 seconds.
  path: Packages/com.unity.2d.animation/Editor/Assets/EditorIcons/Light/SetPivot16.png
  artifactKey: Guid(e7ae402e1190249f4a2be52eb7ec09c5) Importer(815301076,1909f56bfc062723c751e8b465ee728b)
Start importing Packages/com.unity.2d.animation/Editor/Assets/EditorIcons/Light/SetPivot16.png using Guid(e7ae402e1190249f4a2be52eb7ec09c5) Importer(815301076,1909f56bfc062723c751e8b465ee728b)  -> (artifact id: '3be704c5b7bd2f9ad63de460a8831774') in 0.004418 seconds
Number of updated asset objects reloaded before import = 0
Number of asset objects unloaded after import = 3
========================================================================
Received Import Request.
  Time since last request: 0.003422 seconds.
  path: Packages/com.unity.2d.animation/Editor/Assets/EditorIcons/Light/SetPivot32.png
  artifactKey: Guid(2a637fd14bfd64d0e965e4c9e4a7d8b6) Importer(815301076,1909f56bfc062723c751e8b465ee728b)
Start importing Packages/com.unity.2d.animation/Editor/Assets/EditorIcons/Light/SetPivot32.png using Guid(2a637fd14bfd64d0e965e4c9e4a7d8b6) Importer(815301076,1909f56bfc062723c751e8b465ee728b)  -> (artifact id: 'd623a2fcdc6ab32f105710ead43dedaf') in 0.004274 seconds
Number of updated asset objects reloaded before import = 0
Number of asset objects unloaded after import = 3
========================================================================
Received Import Request.
  Time since last request: 0.016705 seconds.
  path: Packages/com.unity.2d.animation/Editor/Assets/EditorIcons/Selected/SetPivot64.png
  artifactKey: Guid(fe3852467ea5e4b488f8c7e0006c970b) Importer(815301076,1909f56bfc062723c751e8b465ee728b)
Start importing Packages/com.unity.2d.animation/Editor/Assets/EditorIcons/Selected/SetPivot64.png using Guid(fe3852467ea5e4b488f8c7e0006c970b) Importer(815301076,1909f56bfc062723c751e8b465ee728b)  -> (artifact id: '2ea07a801086429d9d913c00a53c140d') in 0.005193 seconds
Number of updated asset objects reloaded before import = 0
Number of asset objects unloaded after import = 3
========================================================================
Received Import Request.
  Time since last request: 0.012318 seconds.
  path: Packages/com.unity.2d.animation/Editor/Assets/EditorIcons/Light/SetPivot128.png
  artifactKey: Guid(6e69868210a834182b29ea52c36a0a52) Importer(815301076,1909f56bfc062723c751e8b465ee728b)
Start importing Packages/com.unity.2d.animation/Editor/Assets/EditorIcons/Light/SetPivot128.png using Guid(6e69868210a834182b29ea52c36a0a52) Importer(815301076,1909f56bfc062723c751e8b465ee728b)  -> (artifact id: '14661c7abe19852469b6c1a838bf30e7') in 0.005934 seconds
Number of updated asset objects reloaded before import = 0
Number of asset objects unloaded after import = 3
========================================================================
Received Import Request.
  Time since last request: 0.000114 seconds.
  path: Packages/com.unity.2d.animation/Editor/Assets/EditorIcons/Light/SetPivot256.png
  artifactKey: Guid(b51dea53643c34332b1c8cfc0865d0c4) Importer(815301076,1909f56bfc062723c751e8b465ee728b)
Start importing Packages/com.unity.2d.animation/Editor/Assets/EditorIcons/Light/SetPivot256.png using Guid(b51dea53643c34332b1c8cfc0865d0c4) Importer(815301076,1909f56bfc062723c751e8b465ee728b)  -> (artifact id: 'a2a82125c769a482789ba9b548782220') in 0.007636 seconds
Number of updated asset objects reloaded before import = 0
Number of asset objects unloaded after import = 3
========================================================================
Received Import Request.
  Time since last request: 0.005744 seconds.
  path: Packages/com.unity.2d.common/Path/Editor/Handles/ShapeToolPro.png
  artifactKey: Guid(766cfa1430bc448ed93c5817e7682f3b) Importer(815301076,1909f56bfc062723c751e8b465ee728b)
Start importing Packages/com.unity.2d.common/Path/Editor/Handles/ShapeToolPro.png using Guid(766cfa1430bc448ed93c5817e7682f3b) Importer(815301076,1909f56bfc062723c751e8b465ee728b)  -> (artifact id: 'bd536760a97b1aa7e915444b8f62952a') in 0.008356 seconds
Number of updated asset objects reloaded before import = 0
Number of asset objects unloaded after import = 3
========================================================================
Received Import Request.
  Time since last request: 0.003424 seconds.
  path: Packages/com.unity.2d.animation/Editor/Assets/EditorIcons/Light/Split Bones.png
  artifactKey: Guid(59bc7a7ca0683ac439e255a533670885) Importer(815301076,1909f56bfc062723c751e8b465ee728b)
Start importing Packages/com.unity.2d.animation/Editor/Assets/EditorIcons/Light/Split Bones.png using Guid(59bc7a7ca0683ac439e255a533670885) Importer(815301076,1909f56bfc062723c751e8b465ee728b)  -> (artifact id: 'f63a7e968080c3a12e074b9e919cba58') in 0.004423 seconds
Number of updated asset objects reloaded before import = 0
Number of asset objects unloaded after import = 3
========================================================================
Received Import Request.
  Time since last request: 0.006766 seconds.
  path: Packages/com.unity.2d.animation/Editor/Assets/EditorIcons/Light/Split Bones@2x.png
  artifactKey: Guid(180eeff5b9e615349907ea53344202fa) Importer(815301076,1909f56bfc062723c751e8b465ee728b)
Start importing Packages/com.unity.2d.animation/Editor/Assets/EditorIcons/Light/Split Bones@2x.png using Guid(180eeff5b9e615349907ea53344202fa) Importer(815301076,1909f56bfc062723c751e8b465ee728b)  -> (artifact id: '9fdccb6c4ad8df0a964405020a76e43e') in 0.005274 seconds
Number of updated asset objects reloaded before import = 0
Number of asset objects unloaded after import = 3
========================================================================
Received Import Request.
  Time since last request: 0.017497 seconds.
  path: Packages/com.unity.2d.animation/Editor/Assets/EditorIcons/Selected/Split Bones@3x.png
  artifactKey: Guid(29f90cd6202745c448e74a1398b1c731) Importer(815301076,1909f56bfc062723c751e8b465ee728b)
Start importing Packages/com.unity.2d.animation/Editor/Assets/EditorIcons/Selected/Split Bones@3x.png using Guid(29f90cd6202745c448e74a1398b1c731) Importer(815301076,1909f56bfc062723c751e8b465ee728b)  -> (artifact id: '672689ebff40380ca29ceceb1dd66862') in 0.005095 seconds
Number of updated asset objects reloaded before import = 0
Number of asset objects unloaded after import = 3
========================================================================
Received Import Request.
  Time since last request: 0.000132 seconds.
  path: Packages/com.unity.2d.animation/Editor/Assets/EditorIcons/Selected/Split Bones@4x.png
  artifactKey: Guid(518ded92e5dbf494e8f76a74d752272e) Importer(815301076,1909f56bfc062723c751e8b465ee728b)
Start importing Packages/com.unity.2d.animation/Editor/Assets/EditorIcons/Selected/Split Bones@4x.png using Guid(518ded92e5dbf494e8f76a74d752272e) Importer(815301076,1909f56bfc062723c751e8b465ee728b)  -> (artifact id: '90b8fdb5febd47e66198ff416721f5b1') in 0.005232 seconds
Number of updated asset objects reloaded before import = 0
Number of asset objects unloaded after import = 3
========================================================================
Received Import Request.
  Time since last request: 0.018164 seconds.
  path: Packages/com.unity.2d.animation/Editor/Assets/EditorIcons/Selected/Split_Edge.png
  artifactKey: Guid(8800032f7e7cdd544b74849c80ce05d4) Importer(815301076,1909f56bfc062723c751e8b465ee728b)
Start importing Packages/com.unity.2d.animation/Editor/Assets/EditorIcons/Selected/Split_Edge.png using Guid(8800032f7e7cdd544b74849c80ce05d4) Importer(815301076,1909f56bfc062723c751e8b465ee728b)  -> (artifact id: '159f84ade5d92ab2579ec6bbb060d447') in 0.004286 seconds
Number of updated asset objects reloaded before import = 0
Number of asset objects unloaded after import = 3
========================================================================
Received Import Request.
  Time since last request: 0.002701 seconds.
  path: Packages/com.unity.2d.animation/Editor/Assets/EditorIcons/Selected/Split_Edge@2x.png
  artifactKey: Guid(2f12c9758dad4e34ea8bc886f1fdb0dd) Importer(815301076,1909f56bfc062723c751e8b465ee728b)
Start importing Packages/com.unity.2d.animation/Editor/Assets/EditorIcons/Selected/Split_Edge@2x.png using Guid(2f12c9758dad4e34ea8bc886f1fdb0dd) Importer(815301076,1909f56bfc062723c751e8b465ee728b)  -> (artifact id: '238870c039ce4b9fe5a6b45aab472983') in 0.006462 seconds
Number of updated asset objects reloaded before import = 0
Number of asset objects unloaded after import = 3
========================================================================
Received Import Request.
  Time since last request: 0.014644 seconds.
  path: Packages/com.unity.2d.animation/Editor/Assets/EditorIcons/Selected/Split_Edge@3x.png
  artifactKey: Guid(7764b2bf79a49894e8ea10f3d661a4ed) Importer(815301076,1909f56bfc062723c751e8b465ee728b)
Start importing Packages/com.unity.2d.animation/Editor/Assets/EditorIcons/Selected/Split_Edge@3x.png using Guid(7764b2bf79a49894e8ea10f3d661a4ed) Importer(815301076,1909f56bfc062723c751e8b465ee728b)  -> (artifact id: 'd1f2ba278c9641d82194941f80f574e5') in 0.006292 seconds
Number of updated asset objects reloaded before import = 0
Number of asset objects unloaded after import = 3
========================================================================
Received Import Request.
  Time since last request: 0.020216 seconds.
  path: Packages/com.unity.2d.animation/Editor/Assets/EditorIcons/Selected/Split_Edge@4x.png
  artifactKey: Guid(8272ea7c59da847458432e7c88bf7766) Importer(815301076,1909f56bfc062723c751e8b465ee728b)
Start importing Packages/com.unity.2d.animation/Editor/Assets/EditorIcons/Selected/Split_Edge@4x.png using Guid(8272ea7c59da847458432e7c88bf7766) Importer(815301076,1909f56bfc062723c751e8b465ee728b)  -> (artifact id: '03a74074401da30c7105d4d35bf74bbc') in 0.005608 seconds
Number of updated asset objects reloaded before import = 0
Number of asset objects unloaded after import = 3
========================================================================
Received Import Request.
  Time since last request: 0.019124 seconds.
  path: Packages/com.unity.2d.spriteshape/Editor/ObjectMenuCreation/DefaultAssets/Textures/Sprite Shape Fill.png
  artifactKey: Guid(b281b91a70a624a0da1c43adc1c30c7b) Importer(815301076,1909f56bfc062723c751e8b465ee728b)
Start importing Packages/com.unity.2d.spriteshape/Editor/ObjectMenuCreation/DefaultAssets/Textures/Sprite Shape Fill.png using Guid(b281b91a70a624a0da1c43adc1c30c7b) Importer(815301076,1909f56bfc062723c751e8b465ee728b)  -> (artifact id: 'f778880b616bee41bee0184199c9fbe1') in 0.005599 seconds
Number of updated asset objects reloaded before import = 0
Number of asset objects unloaded after import = 3
========================================================================
Received Import Request.
  Time since last request: 0.022020 seconds.
  path: Packages/com.unity.2d.animation/Editor/Assets/EditorIcons/Light/Sprite_Influence.png
  artifactKey: Guid(768531f76566d4b18bfe4ed7b21e5ce1) Importer(815301076,1909f56bfc062723c751e8b465ee728b)
Start importing Packages/com.unity.2d.animation/Editor/Assets/EditorIcons/Light/Sprite_Influence.png using Guid(768531f76566d4b18bfe4ed7b21e5ce1) Importer(815301076,1909f56bfc062723c751e8b465ee728b)  -> (artifact id: '4d38ca6b7dadc3d0f859f2e834c30dee') in 0.005066 seconds
Number of updated asset objects reloaded before import = 0
Number of asset objects unloaded after import = 3
========================================================================
Received Import Request.
  Time since last request: 0.020668 seconds.
  path: Packages/com.unity.2d.animation/Editor/Assets/EditorIcons/Light/Sprite_Influence@2x.png
  artifactKey: Guid(8169b95b76b504e3b8dc9ccf0bdbe226) Importer(815301076,1909f56bfc062723c751e8b465ee728b)
Start importing Packages/com.unity.2d.animation/Editor/Assets/EditorIcons/Light/Sprite_Influence@2x.png using Guid(8169b95b76b504e3b8dc9ccf0bdbe226) Importer(815301076,1909f56bfc062723c751e8b465ee728b)  -> (artifact id: '3b467a66259057efbabfa711227c9c12') in 0.004577 seconds
Number of updated asset objects reloaded before import = 0
Number of asset objects unloaded after import = 3
========================================================================
Received Import Request.
  Time since last request: 0.021475 seconds.
  path: Packages/com.unity.2d.animation/Editor/Assets/EditorIcons/Selected/Sprite_Influence@3x.png
  artifactKey: Guid(7ce16c63ba627427cab935593c090e34) Importer(815301076,1909f56bfc062723c751e8b465ee728b)
Start importing Packages/com.unity.2d.animation/Editor/Assets/EditorIcons/Selected/Sprite_Influence@3x.png using Guid(7ce16c63ba627427cab935593c090e34) Importer(815301076,1909f56bfc062723c751e8b465ee728b)  -> (artifact id: 'd4a437451c046e24de58386e1cfc501f') in 0.005347 seconds
Number of updated asset objects reloaded before import = 0
Number of asset objects unloaded after import = 3
========================================================================
Received Import Request.
  Time since last request: 0.138908 seconds.
  path: Packages/com.unity.2d.animation/Editor/Assets/EditorIcons/Selected/Sprite_Influence@4x.png
  artifactKey: Guid(e959cb82696cd4dbf9e6b448af425c88) Importer(815301076,1909f56bfc062723c751e8b465ee728b)
Start importing Packages/com.unity.2d.animation/Editor/Assets/EditorIcons/Selected/Sprite_Influence@4x.png using Guid(e959cb82696cd4dbf9e6b448af425c88) Importer(815301076,1909f56bfc062723c751e8b465ee728b)  -> (artifact id: 'a752ab5d1d4abbf4ea90ab9455063d68') in 0.004917 seconds
Number of updated asset objects reloaded before import = 0
Number of asset objects unloaded after import = 3
========================================================================
Received Import Request.
  Time since last request: 0.021506 seconds.
  path: Packages/com.unity.2d.animation/Editor/Assets/EditorIcons/Selected/Sprite_Mode.png
  artifactKey: Guid(ca778bc7303b24948abf3e907abbf2a0) Importer(815301076,1909f56bfc062723c751e8b465ee728b)
Start importing Packages/com.unity.2d.animation/Editor/Assets/EditorIcons/Selected/Sprite_Mode.png using Guid(ca778bc7303b24948abf3e907abbf2a0) Importer(815301076,1909f56bfc062723c751e8b465ee728b)  -> (artifact id: 'b190c52bece00f3a33961e00033ef082') in 0.004576 seconds
Number of updated asset objects reloaded before import = 0
Number of asset objects unloaded after import = 3
========================================================================
Received Import Request.
  Time since last request: 0.024408 seconds.
  path: Packages/com.unity.2d.animation/Editor/Assets/EditorIcons/Light/Sprite_Mode@2x.png
  artifactKey: Guid(cfe99a1afb609b4488d6fc9224a62f74) Importer(815301076,1909f56bfc062723c751e8b465ee728b)
Start importing Packages/com.unity.2d.animation/Editor/Assets/EditorIcons/Light/Sprite_Mode@2x.png using Guid(cfe99a1afb609b4488d6fc9224a62f74) Importer(815301076,1909f56bfc062723c751e8b465ee728b)  -> (artifact id: '57e5c04cdc5d33150fb97c10095cd583') in 0.006387 seconds
Number of updated asset objects reloaded before import = 0
Number of asset objects unloaded after import = 3
========================================================================
Received Import Request.
  Time since last request: 0.002154 seconds.
  path: Packages/com.unity.2d.animation/Editor/Assets/EditorIcons/Selected/Sprite_Mode@3x.png
  artifactKey: Guid(ea833d779996e3244b3b567764be9cf0) Importer(815301076,1909f56bfc062723c751e8b465ee728b)
Start importing Packages/com.unity.2d.animation/Editor/Assets/EditorIcons/Selected/Sprite_Mode@3x.png using Guid(ea833d779996e3244b3b567764be9cf0) Importer(815301076,1909f56bfc062723c751e8b465ee728b)  -> (artifact id: 'b42afda546004fa29ce2f5e4943c4492') in 0.005864 seconds
Number of updated asset objects reloaded before import = 0
Number of asset objects unloaded after import = 3
========================================================================
Received Import Request.
  Time since last request: 0.015962 seconds.
  path: Packages/com.unity.2d.animation/Editor/Assets/EditorIcons/Light/Sprite_Mode@4x.png
  artifactKey: Guid(554a30a45860f494ca38586c54b7e5d9) Importer(815301076,1909f56bfc062723c751e8b465ee728b)
Start importing Packages/com.unity.2d.animation/Editor/Assets/EditorIcons/Light/Sprite_Mode@4x.png using Guid(554a30a45860f494ca38586c54b7e5d9) Importer(815301076,1909f56bfc062723c751e8b465ee728b)  -> (artifact id: 'f59457ad060c88febd2f2d1321ee391b') in 0.004841 seconds
Number of updated asset objects reloaded before import = 0
Number of asset objects unloaded after import = 3
========================================================================
Received Import Request.
  Time since last request: 0.013192 seconds.
  path: Packages/com.unity.2d.spriteshape/Editor/Handles/ss_leftrange.png
  artifactKey: Guid(9417efc47083f4a1598c1966a6345cdb) Importer(815301076,1909f56bfc062723c751e8b465ee728b)
Start importing Packages/com.unity.2d.spriteshape/Editor/Handles/ss_leftrange.png using Guid(9417efc47083f4a1598c1966a6345cdb) Importer(815301076,1909f56bfc062723c751e8b465ee728b)  -> (artifact id: 'be4a0ea34c063fbb65ebf3afd6cd5e98') in 0.005033 seconds
Number of updated asset objects reloaded before import = 0
Number of asset objects unloaded after import = 3
========================================================================
Received Import Request.
  Time since last request: 0.003758 seconds.
  path: Packages/com.unity.2d.spriteshape/Editor/Handles/ss_rightrange.png
  artifactKey: Guid(ee5df01235032491c8b180741ea820fe) Importer(815301076,1909f56bfc062723c751e8b465ee728b)
Start importing Packages/com.unity.2d.spriteshape/Editor/Handles/ss_rightrange.png using Guid(ee5df01235032491c8b180741ea820fe) Importer(815301076,1909f56bfc062723c751e8b465ee728b)  -> (artifact id: '0a26e1d2d513ef08a6e8d9775dc3e75d') in 0.004331 seconds
Number of updated asset objects reloaded before import = 0
Number of asset objects unloaded after import = 3
========================================================================
Received Import Request.
  Time since last request: 0.009168 seconds.
  path: Packages/com.unity.2d.common/Path/Editor/Handles/TangentBrokenPro.png
  artifactKey: Guid(8bdd64764208642f9adc3509ebbe41a3) Importer(815301076,1909f56bfc062723c751e8b465ee728b)
Start importing Packages/com.unity.2d.common/Path/Editor/Handles/TangentBrokenPro.png using Guid(8bdd64764208642f9adc3509ebbe41a3) Importer(815301076,1909f56bfc062723c751e8b465ee728b)  -> (artifact id: '4bb8e1740433e75d606cd7daf640983f') in 0.004991 seconds
Number of updated asset objects reloaded before import = 0
Number of asset objects unloaded after import = 3
========================================================================
Received Import Request.
  Time since last request: 0.008221 seconds.
  path: Packages/com.unity.2d.common/Path/Editor/Handles/TangentContinuousPro.png
  artifactKey: Guid(25c4e987877a046bd994284ffeabc78b) Importer(815301076,1909f56bfc062723c751e8b465ee728b)
Start importing Packages/com.unity.2d.common/Path/Editor/Handles/TangentContinuousPro.png using Guid(25c4e987877a046bd994284ffeabc78b) Importer(815301076,1909f56bfc062723c751e8b465ee728b)  -> (artifact id: '49fe70c87f85cd7518daf8edb7b7062f') in 0.004359 seconds
Number of updated asset objects reloaded before import = 0
Number of asset objects unloaded after import = 3
========================================================================
Received Import Request.
  Time since last request: 0.008651 seconds.
  path: Packages/com.unity.2d.common/Path/Editor/Handles/TangentLinearPro.png
  artifactKey: Guid(5315c047999aa4d869298f6988dfeb30) Importer(815301076,1909f56bfc062723c751e8b465ee728b)
Start importing Packages/com.unity.2d.common/Path/Editor/Handles/TangentLinearPro.png using Guid(5315c047999aa4d869298f6988dfeb30) Importer(815301076,1909f56bfc062723c751e8b465ee728b)  -> (artifact id: 'bb459fc3daf03728d8286aa91130b60f') in 0.004617 seconds
Number of updated asset objects reloaded before import = 0
Number of asset objects unloaded after import = 3
========================================================================
Received Import Request.
  Time since last request: 0.000126 seconds.
  path: Packages/com.unity.2d.animation/Editor/Assets/EditorIcons/Light/Visibility_Hidded@2x.png
  artifactKey: Guid(f3940f64802892746b2ec336d3b0c5f4) Importer(815301076,1909f56bfc062723c751e8b465ee728b)
Start importing Packages/com.unity.2d.animation/Editor/Assets/EditorIcons/Light/Visibility_Hidded@2x.png using Guid(f3940f64802892746b2ec336d3b0c5f4) Importer(815301076,1909f56bfc062723c751e8b465ee728b)  -> (artifact id: 'b4a92728ce7694597dfb2f1a86e76fa3') in 0.005502 seconds
Number of updated asset objects reloaded before import = 0
Number of asset objects unloaded after import = 3
========================================================================
Received Import Request.
  Time since last request: 0.015712 seconds.
  path: Packages/com.unity.2d.animation/Editor/Assets/EditorIcons/Light/Visibility_Hidded@4x.png
  artifactKey: Guid(f469f8253737d534ca7809ae6f0d2422) Importer(815301076,1909f56bfc062723c751e8b465ee728b)
Start importing Packages/com.unity.2d.animation/Editor/Assets/EditorIcons/Light/Visibility_Hidded@4x.png using Guid(f469f8253737d534ca7809ae6f0d2422) Importer(815301076,1909f56bfc062723c751e8b465ee728b)  -> (artifact id: '55f10a9a6f8080a57bed1e69e474287b') in 0.005658 seconds
Number of updated asset objects reloaded before import = 0
Number of asset objects unloaded after import = 3
========================================================================
Received Import Request.
  Time since last request: 0.000031 seconds.
  path: Packages/com.unity.2d.animation/Editor/Assets/EditorIcons/Light/Visibility_Tool.png
  artifactKey: Guid(1e7c59239d2a59140b34f39ea6d4d44c) Importer(815301076,1909f56bfc062723c751e8b465ee728b)
Start importing Packages/com.unity.2d.animation/Editor/Assets/EditorIcons/Light/Visibility_Tool.png using Guid(1e7c59239d2a59140b34f39ea6d4d44c) Importer(815301076,1909f56bfc062723c751e8b465ee728b)  -> (artifact id: '5bcbc8cd1a635c8b0d0b80b22053a4af') in 0.004011 seconds
Number of updated asset objects reloaded before import = 0
Number of asset objects unloaded after import = 3
========================================================================
Received Import Request.
  Time since last request: 0.012951 seconds.
  path: Packages/com.unity.2d.animation/Editor/Assets/EditorIcons/Selected/Visibility_Tool@2x.png
  artifactKey: Guid(ef9977ed07c438845a52c577f4ffcc3a) Importer(815301076,1909f56bfc062723c751e8b465ee728b)
Start importing Packages/com.unity.2d.animation/Editor/Assets/EditorIcons/Selected/Visibility_Tool@2x.png using Guid(ef9977ed07c438845a52c577f4ffcc3a) Importer(815301076,1909f56bfc062723c751e8b465ee728b)  -> (artifact id: '1bd971627ed44ced07acd17b4a3fd7a0') in 0.005199 seconds
Number of updated asset objects reloaded before import = 0
Number of asset objects unloaded after import = 3
========================================================================
Received Import Request.
  Time since last request: 0.000062 seconds.
  path: Packages/com.unity.2d.animation/Editor/Assets/EditorIcons/Selected/Visibility_Tool@3x.png
  artifactKey: Guid(8004118ba4145a74e823fedaa37acf3a) Importer(815301076,1909f56bfc062723c751e8b465ee728b)
Start importing Packages/com.unity.2d.animation/Editor/Assets/EditorIcons/Selected/Visibility_Tool@3x.png using Guid(8004118ba4145a74e823fedaa37acf3a) Importer(815301076,1909f56bfc062723c751e8b465ee728b)  -> (artifact id: '0bbb30edb5bcfd8de7861eb8d2b6814e') in 0.006691 seconds
Number of updated asset objects reloaded before import = 0
Number of asset objects unloaded after import = 3
========================================================================
Received Import Request.
  Time since last request: 0.000108 seconds.
  path: Packages/com.unity.2d.animation/Editor/Assets/EditorIcons/Light/Visibility_Tool@4x.png
  artifactKey: Guid(216c53aef79eaaf40a1800cc5e542dc3) Importer(815301076,1909f56bfc062723c751e8b465ee728b)
Start importing Packages/com.unity.2d.animation/Editor/Assets/EditorIcons/Light/Visibility_Tool@4x.png using Guid(216c53aef79eaaf40a1800cc5e542dc3) Importer(815301076,1909f56bfc062723c751e8b465ee728b)  -> (artifact id: 'fa584020388902d83d5dbc969562f95f') in 0.006061 seconds
Number of updated asset objects reloaded before import = 0
Number of asset objects unloaded after import = 3
========================================================================
Received Import Request.
  Time since last request: 0.001917 seconds.
  path: Packages/com.unity.2d.animation/Editor/Assets/EditorIcons/Light/WarningIcon_Small@2x.png
  artifactKey: Guid(817a8eafcec5342d0a520cb1f23c1ea4) Importer(815301076,1909f56bfc062723c751e8b465ee728b)
Start importing Packages/com.unity.2d.animation/Editor/Assets/EditorIcons/Light/WarningIcon_Small@2x.png using Guid(817a8eafcec5342d0a520cb1f23c1ea4) Importer(815301076,1909f56bfc062723c751e8b465ee728b)  -> (artifact id: '33357e3924ea113201ebdf623c058507') in 0.008115 seconds
Number of updated asset objects reloaded before import = 0
Number of asset objects unloaded after import = 3
========================================================================
Received Import Request.
  Time since last request: 0.004559 seconds.
  path: Packages/com.unity.2d.animation/Editor/Assets/EditorIcons/Light/Weight_Brush.png
  artifactKey: Guid(9d026c034cfd40746a436496efe2dd7f) Importer(815301076,1909f56bfc062723c751e8b465ee728b)
Start importing Packages/com.unity.2d.animation/Editor/Assets/EditorIcons/Light/Weight_Brush.png using Guid(9d026c034cfd40746a436496efe2dd7f) Importer(815301076,1909f56bfc062723c751e8b465ee728b)  -> (artifact id: '18f5ec7a27d552cce732593378719ff2') in 0.005544 seconds
Number of updated asset objects reloaded before import = 0
Number of asset objects unloaded after import = 3
========================================================================
Received Import Request.
  Time since last request: 0.016226 seconds.
  path: Packages/com.unity.2d.animation/Editor/Assets/EditorIcons/Selected/Weight_Brush@2x.png
  artifactKey: Guid(bb668641abe10a64891e26613cf530ee) Importer(815301076,1909f56bfc062723c751e8b465ee728b)
Start importing Packages/com.unity.2d.animation/Editor/Assets/EditorIcons/Selected/Weight_Brush@2x.png using Guid(bb668641abe10a64891e26613cf530ee) Importer(815301076,1909f56bfc062723c751e8b465ee728b)  -> (artifact id: '43a831bc46cba55187c9a3772d34904f') in 0.006102 seconds
Number of updated asset objects reloaded before import = 0
Number of asset objects unloaded after import = 3
========================================================================
Received Import Request.
  Time since last request: 0.011150 seconds.
  path: Packages/com.unity.2d.animation/Editor/Assets/EditorIcons/Light/Weight_Brush@3x.png
  artifactKey: Guid(3279d541bf75c624cbdd7179eb5559a8) Importer(815301076,1909f56bfc062723c751e8b465ee728b)
Start importing Packages/com.unity.2d.animation/Editor/Assets/EditorIcons/Light/Weight_Brush@3x.png using Guid(3279d541bf75c624cbdd7179eb5559a8) Importer(815301076,1909f56bfc062723c751e8b465ee728b)  -> (artifact id: '1403bc27dc257d363cefcefa80acc3c3') in 0.005663 seconds
Number of updated asset objects reloaded before import = 0
Number of asset objects unloaded after import = 3
========================================================================
Received Import Request.
  Time since last request: 0.002118 seconds.
  path: Packages/com.unity.2d.animation/Editor/Assets/EditorIcons/Light/Weight_Brush@4x.png
  artifactKey: Guid(3dd5e5c693a816e4f96b869f6465955b) Importer(815301076,1909f56bfc062723c751e8b465ee728b)
Start importing Packages/com.unity.2d.animation/Editor/Assets/EditorIcons/Light/Weight_Brush@4x.png using Guid(3dd5e5c693a816e4f96b869f6465955b) Importer(815301076,1909f56bfc062723c751e8b465ee728b)  -> (artifact id: 'f710cee516b11086ca3602c26abe675c') in 0.005118 seconds
Number of updated asset objects reloaded before import = 0
Number of asset objects unloaded after import = 3
========================================================================
Received Import Request.
  Time since last request: 0.022770 seconds.
  path: Packages/com.unity.2d.animation/Editor/Assets/EditorIcons/Selected/Weight_Slider.png
  artifactKey: Guid(96b029a4248c85a4e8de2aa81fc0b60a) Importer(815301076,1909f56bfc062723c751e8b465ee728b)
Start importing Packages/com.unity.2d.animation/Editor/Assets/EditorIcons/Selected/Weight_Slider.png using Guid(96b029a4248c85a4e8de2aa81fc0b60a) Importer(815301076,1909f56bfc062723c751e8b465ee728b)  -> (artifact id: 'f4215accc0dfea86ce194a5ea7230f95') in 0.005658 seconds
Number of updated asset objects reloaded before import = 0
Number of asset objects unloaded after import = 3
========================================================================
Received Import Request.
  Time since last request: 0.000041 seconds.
  path: Packages/com.unity.2d.animation/Editor/Assets/EditorIcons/Selected/Weight_Slider@2x.png
  artifactKey: Guid(7f64a6e091143c0458506b559165cf72) Importer(815301076,1909f56bfc062723c751e8b465ee728b)
Start importing Packages/com.unity.2d.animation/Editor/Assets/EditorIcons/Selected/Weight_Slider@2x.png using Guid(7f64a6e091143c0458506b559165cf72) Importer(815301076,1909f56bfc062723c751e8b465ee728b)  -> (artifact id: '2d0ca16fb226c676e73e53949657b141') in 0.004083 seconds
Number of updated asset objects reloaded before import = 0
Number of asset objects unloaded after import = 3
========================================================================
Received Import Request.
  Time since last request: 0.017228 seconds.
  path: Packages/com.unity.2d.animation/Editor/Assets/EditorIcons/Selected/Weight_Slider@3x.png
  artifactKey: Guid(af73899d5803d99448134360f184f348) Importer(815301076,1909f56bfc062723c751e8b465ee728b)
Start importing Packages/com.unity.2d.animation/Editor/Assets/EditorIcons/Selected/Weight_Slider@3x.png using Guid(af73899d5803d99448134360f184f348) Importer(815301076,1909f56bfc062723c751e8b465ee728b)  -> (artifact id: '8083ae2faf21245d537adac3fc7893a5') in 0.005103 seconds
Number of updated asset objects reloaded before import = 0
Number of asset objects unloaded after import = 3
========================================================================
Received Import Request.
  Time since last request: 0.018812 seconds.
  path: Packages/com.unity.2d.animation/Editor/Assets/EditorIcons/Light/Weight_Slider@4x.png
  artifactKey: Guid(4e494ad3b858ecf4fab63aae9075d43d) Importer(815301076,1909f56bfc062723c751e8b465ee728b)
Start importing Packages/com.unity.2d.animation/Editor/Assets/EditorIcons/Light/Weight_Slider@4x.png using Guid(4e494ad3b858ecf4fab63aae9075d43d) Importer(815301076,1909f56bfc062723c751e8b465ee728b)  -> (artifact id: '71a07156f78712f2f282c3e550534ef6') in 0.004091 seconds
Number of updated asset objects reloaded before import = 0
Number of asset objects unloaded after import = 3
========================================================================
Received Import Request.
  Time since last request: 14.568356 seconds.
  path: Assets/TutorialInfo/Icons/Help_Icon.png
  artifactKey: Guid(9266273b8f123004195741f969177dda) Importer(815301076,1909f56bfc062723c751e8b465ee728b)
Start importing Assets/TutorialInfo/Icons/Help_Icon.png using Guid(9266273b8f123004195741f969177dda) Importer(815301076,1909f56bfc062723c751e8b465ee728b)  -> (artifact id: '8d1222341b654f59038f153bfa4dccfb') in 0.065151 seconds
Number of updated asset objects reloaded before import = 0
Number of asset objects unloaded after import = 2
========================================================================
Received Import Request.
  Time since last request: 197.649241 seconds.
  path: Assets/Animated Loading Icons/Prefabs/Blinking/Blinking 1.prefab
  artifactKey: Guid(894c9fb9016953d4987456ae56b1c7ee) Importer(815301076,1909f56bfc062723c751e8b465ee728b)
Start importing Assets/Animated Loading Icons/Prefabs/Blinking/Blinking 1.prefab using Guid(894c9fb9016953d4987456ae56b1c7ee) Importer(815301076,1909f56bfc062723c751e8b465ee728b)  -> (artifact id: 'cf89b7db369dc656ede5eb0418723897') in 0.077468 seconds
Number of updated asset objects reloaded before import = 0
Number of asset objects unloaded after import = 11
========================================================================
Received Import Request.
  Time since last request: 0.000067 seconds.
  path: Assets/Animated Loading Icons/Prefabs/Blinking/Blinking 3.prefab
  artifactKey: Guid(e58f748566a33be4da05fb85f90ab146) Importer(815301076,1909f56bfc062723c751e8b465ee728b)
Start importing Assets/Animated Loading Icons/Prefabs/Blinking/Blinking 3.prefab using Guid(e58f748566a33be4da05fb85f90ab146) Importer(815301076,1909f56bfc062723c751e8b465ee728b)  -> (artifact id: '12ed457e1f0d5c0a066d6e0830b38cd8') in 0.002494 seconds
Number of updated asset objects reloaded before import = 0
Number of asset objects unloaded after import = 11
========================================================================
Received Import Request.
  Time since last request: 125.596184 seconds.
  path: Assets/Animated Loading Icons/Prefabs/Bars/Bars 1.prefab
  artifactKey: Guid(75c4353c4b4125549b782a72884bedd4) Importer(815301076,1909f56bfc062723c751e8b465ee728b)
Start importing Assets/Animated Loading Icons/Prefabs/Bars/Bars 1.prefab using Guid(75c4353c4b4125549b782a72884bedd4) Importer(815301076,1909f56bfc062723c751e8b465ee728b)  -> (artifact id: '7795de5fa08af434f616d21dc2d0661b') in 0.051333 seconds
Number of updated asset objects reloaded before import = 0
Number of asset objects unloaded after import = 35
========================================================================
Received Import Request.
  Time since last request: 0.000094 seconds.
  path: Assets/Animated Loading Icons/Prefabs/Bars/Bars 3.prefab
  artifactKey: Guid(16476d04677e9094cb539b618fbf21a0) Importer(815301076,1909f56bfc062723c751e8b465ee728b)
Start importing Assets/Animated Loading Icons/Prefabs/Bars/Bars 3.prefab using Guid(16476d04677e9094cb539b618fbf21a0) Importer(815301076,1909f56bfc062723c751e8b465ee728b)  -> (artifact id: 'dab8e94cc04b31c5e42ebebbd3e7aa37') in 0.003754 seconds
Number of updated asset objects reloaded before import = 0
Number of asset objects unloaded after import = 40
========================================================================
Received Import Request.
  Time since last request: 0.000382 seconds.
  path: Assets/Animated Loading Icons/Prefabs/Bars/Bars 7.prefab
  artifactKey: Guid(6e252c92ff0a37e44966917e26c50eb9) Importer(815301076,1909f56bfc062723c751e8b465ee728b)
Start importing Assets/Animated Loading Icons/Prefabs/Bars/Bars 7.prefab using Guid(6e252c92ff0a37e44966917e26c50eb9) Importer(815301076,1909f56bfc062723c751e8b465ee728b)  -> (artifact id: 'e009e2fd45c50ee589f2ae09b5b53d4e') in 0.004274 seconds
Number of updated asset objects reloaded before import = 0
Number of asset objects unloaded after import = 40
========================================================================
Received Import Request.
  Time since last request: 0.000070 seconds.
  path: Assets/Animated Loading Icons/Prefabs/Bars/Bars 9.prefab
  artifactKey: Guid(b6c9da288917fad4a9793703dd5504e5) Importer(815301076,1909f56bfc062723c751e8b465ee728b)
Start importing Assets/Animated Loading Icons/Prefabs/Bars/Bars 9.prefab using Guid(b6c9da288917fad4a9793703dd5504e5) Importer(815301076,1909f56bfc062723c751e8b465ee728b)  -> (artifact id: '9dc0576a85864752fcb359aea641b80d') in 0.009068 seconds
Number of updated asset objects reloaded before import = 0
Number of asset objects unloaded after import = 70
========================================================================
Received Import Request.
  Time since last request: 1.202781 seconds.
  path: Assets/Animated Loading Icons/Prefabs/Basic/Basic 1.prefab
  artifactKey: Guid(04ad9fe6701b2c841ac1fa51702ab8b7) Importer(815301076,1909f56bfc062723c751e8b465ee728b)
Start importing Assets/Animated Loading Icons/Prefabs/Basic/Basic 1.prefab using Guid(04ad9fe6701b2c841ac1fa51702ab8b7) Importer(815301076,1909f56bfc062723c751e8b465ee728b)  -> (artifact id: 'd83defac6355a726c021e48ae4fa16e3') in 0.005554 seconds
Number of updated asset objects reloaded before import = 0
Number of asset objects unloaded after import = 11
========================================================================
Received Import Request.
  Time since last request: 0.000184 seconds.
  path: Assets/Animated Loading Icons/Prefabs/Basic/Basic 3.prefab
  artifactKey: Guid(49b11c3df3f54534f8c3cde2258dc4ec) Importer(815301076,1909f56bfc062723c751e8b465ee728b)
Start importing Assets/Animated Loading Icons/Prefabs/Basic/Basic 3.prefab using Guid(49b11c3df3f54534f8c3cde2258dc4ec) Importer(815301076,1909f56bfc062723c751e8b465ee728b)  -> (artifact id: 'd609c15afbf85bd732f2469aac294312') in 0.012262 seconds
Number of updated asset objects reloaded before import = 0
Number of asset objects unloaded after import = 23
========================================================================
Received Import Request.
  Time since last request: 0.000374 seconds.
  path: Assets/Animated Loading Icons/Prefabs/Basic/Basic 4.prefab
  artifactKey: Guid(3e72a0bd52e8e9c40b870e0a72a25ee7) Importer(815301076,1909f56bfc062723c751e8b465ee728b)
Start importing Assets/Animated Loading Icons/Prefabs/Basic/Basic 4.prefab using Guid(3e72a0bd52e8e9c40b870e0a72a25ee7) Importer(815301076,1909f56bfc062723c751e8b465ee728b)  -> (artifact id: '2ccc622ef414cf582897c768c072201f') in 0.005325 seconds
Number of updated asset objects reloaded before import = 0
Number of asset objects unloaded after import = 17
========================================================================
Received Import Request.
  Time since last request: 4.979016 seconds.
  path: Assets/Animated Loading Icons/Prefabs/Circle half rotating/Circle half rotating 1.prefab
  artifactKey: Guid(053194f778b93f94c864c5aebd674d4a) Importer(815301076,1909f56bfc062723c751e8b465ee728b)
Start importing Assets/Animated Loading Icons/Prefabs/Circle half rotating/Circle half rotating 1.prefab using Guid(053194f778b93f94c864c5aebd674d4a) Importer(815301076,1909f56bfc062723c751e8b465ee728b)  -> (artifact id: '730fcfe40506ec2697feb22d318e63dd') in 0.005131 seconds
Number of updated asset objects reloaded before import = 0
Number of asset objects unloaded after import = 17
========================================================================
Received Import Request.
  Time since last request: 0.000034 seconds.
  path: Assets/Animated Loading Icons/Prefabs/Circle half rotating/Circle half rotating 3.prefab
  artifactKey: Guid(65f3722dfbc65784b8cb3a74f127e438) Importer(815301076,1909f56bfc062723c751e8b465ee728b)
Start importing Assets/Animated Loading Icons/Prefabs/Circle half rotating/Circle half rotating 3.prefab using Guid(65f3722dfbc65784b8cb3a74f127e438) Importer(815301076,1909f56bfc062723c751e8b465ee728b)  -> (artifact id: 'a11f91140012c4158e7a7f0547c652ac') in 0.004420 seconds
Number of updated asset objects reloaded before import = 0
Number of asset objects unloaded after import = 18
========================================================================
Received Import Request.
  Time since last request: 40.578363 seconds.
  path: Assets/Animated Loading Icons/Spritesheet/Icons Spritesheet.png
  artifactKey: Guid(0fd21678280ad9c47aa2d32baf438c5d) Importer(815301076,1909f56bfc062723c751e8b465ee728b)
Start importing Assets/Animated Loading Icons/Spritesheet/Icons Spritesheet.png using Guid(0fd21678280ad9c47aa2d32baf438c5d) Importer(815301076,1909f56bfc062723c751e8b465ee728b)  -> (artifact id: '0db560ca25ce9fb17b901421f685fb66') in 0.135333 seconds
Number of updated asset objects reloaded before import = 0
Number of asset objects unloaded after import = 34
========================================================================
Received Import Request.
  Time since last request: 534.725176 seconds.
  path: Assets/Animated Loading Icons/Prefabs/Circle half rotating fading/Circle half rotating fading 1.prefab
  artifactKey: Guid(522ae146cf930e24795907d2039f36ba) Importer(815301076,1909f56bfc062723c751e8b465ee728b)
Start importing Assets/Animated Loading Icons/Prefabs/Circle half rotating fading/Circle half rotating fading 1.prefab using Guid(522ae146cf930e24795907d2039f36ba) Importer(815301076,1909f56bfc062723c751e8b465ee728b)  -> (artifact id: 'cdfa59c81c6d1588bdef3223124085d9') in 0.038651 seconds
Number of updated asset objects reloaded before import = 0
Number of asset objects unloaded after import = 11
========================================================================
Received Import Request.
  Time since last request: 0.000069 seconds.
  path: Assets/Animated Loading Icons/Prefabs/Circle half rotating fading/Circle half rotating fading 6.prefab
  artifactKey: Guid(2b71a9985e9a8d24196f7c2e803eb329) Importer(815301076,1909f56bfc062723c751e8b465ee728b)
Start importing Assets/Animated Loading Icons/Prefabs/Circle half rotating fading/Circle half rotating fading 6.prefab using Guid(2b71a9985e9a8d24196f7c2e803eb329) Importer(815301076,1909f56bfc062723c751e8b465ee728b)  -> (artifact id: 'f8194b8b97c5897107a77c6cb5409fd4') in 0.004103 seconds
Number of updated asset objects reloaded before import = 0
Number of asset objects unloaded after import = 11
========================================================================
Received Import Request.
  Time since last request: 0.000341 seconds.
  path: Assets/Animated Loading Icons/Prefabs/Circle half rotating fading/Circle half rotating fading 5.prefab
  artifactKey: Guid(aa33ab8f9d08e4944a9f03f26d00a648) Importer(815301076,1909f56bfc062723c751e8b465ee728b)
Start importing Assets/Animated Loading Icons/Prefabs/Circle half rotating fading/Circle half rotating fading 5.prefab using Guid(aa33ab8f9d08e4944a9f03f26d00a648) Importer(815301076,1909f56bfc062723c751e8b465ee728b)  -> (artifact id: '69a9ce0753bdcc1b337c1e69aa5bd30c') in 0.005029 seconds
Number of updated asset objects reloaded before import = 0
Number of asset objects unloaded after import = 11
========================================================================
Received Import Request.
  Time since last request: 1.732283 seconds.
  path: Assets/Animated Loading Icons/Prefabs/Circle open rotating/Circle open rotating 1.prefab
  artifactKey: Guid(f367614ca72b7014786dc3b01db8e258) Importer(815301076,1909f56bfc062723c751e8b465ee728b)
Start importing Assets/Animated Loading Icons/Prefabs/Circle open rotating/Circle open rotating 1.prefab using Guid(f367614ca72b7014786dc3b01db8e258) Importer(815301076,1909f56bfc062723c751e8b465ee728b)  -> (artifact id: '57f138da37d388ce3eba0e3a098dc813') in 0.006038 seconds
Number of updated asset objects reloaded before import = 0
Number of asset objects unloaded after import = 11
========================================================================
Received Prepare
Begin MonoManager ReloadAssembly
Thread 0x17fab7000 may have been prematurely finalized
Symbol file LoadedFromMemory doesn't match image /Users/mahmoudelbahkiry/Desktop/Project-BlinkTap/Library/PackageCache/com.unity.visualscripting@1.8.0/Editor/VisualScripting.Core/Dependencies/YamlDotNet/Unity.VisualScripting.YamlDotNet.dll
Symbol file LoadedFromMemory doesn't match image /Users/mahmoudelbahkiry/Desktop/Project-BlinkTap/Library/PackageCache/com.unity.visualscripting@1.8.0/Editor/VisualScripting.Core/Dependencies/DotNetZip/Unity.VisualScripting.IonicZip.dll
Symbol file LoadedFromMemory is not a mono symbol file
- Loaded All Assemblies, in  0.933 seconds
Refreshing native plugins compatible for Editor in 2.81 ms, found 3 plugins.
Native extension for iOS target not found
Native extension for OSXStandalone target not found
Mono: successfully reloaded assembly
[Package Manager] Server::EnsureServerProcessIsRunning -- launch failed, reason: Unity was launched with the -noUpm command-line argument
[Package Manager] UpmClient::Send -- Unable to send message (not connected to UPM process).
[Package Manager] Cannot connect to Unity Package Manager local server
- Finished resetting the current domain, in  0.936 seconds
Domain Reload Profiling:
	ReloadAssembly (469ms)
		BeginReloadAssembly (415ms)
			ExecutionOrderSort (0ms)
			DisableScriptedObjects (54ms)
			BackupInstance (0ms)
			ReleaseScriptingObjects (0ms)
			CreateAndSetChildDomain (212ms)
		LoadAllAssembliesAndSetupDomain (464ms)
			LoadAssemblies (322ms)
			RebuildTransferFunctionScriptingTraits (0ms)
			SetupTypeCache (241ms)
				TypeCache.Initialize (234ms)
					TypeCache.ScanAssembly (223ms)
				ResolveRequiredComponents (3ms)
		FinalizeReload (0ms)
			ReleaseScriptCaches (0ms)
			RebuildScriptCaches (0ms)
			SetupLoadedEditorAssemblies (299ms)
				LogAssemblyErrors (0ms)
				InitializePlatformSupportModulesInManaged (75ms)
				SetLoadedEditorAssemblies (3ms)
				RefreshPlugins (0ms)
				BeforeProcessingInitializeOnLoad (38ms)
				ProcessInitializeOnLoadAttributes (165ms)
				ProcessInitializeOnLoadMethodAttributes (17ms)
				AfterProcessingInitializeOnLoad (1ms)
				EditorAssembliesLoaded (0ms)
			ExecutionOrderSort2 (0ms)
			AwakeInstancesAfterBackupRestoration (5ms)
Refreshing native plugins compatible for Editor in 1.86 ms, found 3 plugins.
Preloading 0 native plugins for Editor in 0.00 ms.
Unloading 4263 Unused Serialized files (Serialized files now loaded: 0)
Unloading 52 unused Assets / (43.0 KB). Loaded Objects now: 4764.
Memory consumption went from 151.4 MB to 151.4 MB.
Total: 3.505000 ms (FindLiveObjects: 0.212250 ms CreateObjectMapping: 0.054709 ms MarkObjects: 3.164166 ms  DeleteObjects: 0.073416 ms)

Prepare: number of updated asset objects reloaded= 0
AssetImportParameters requested are different than current active one (requested -> active):
  custom:container-demuxer-ogg: 62fdf1f143b41e24485cea50d1cbac27 -> 
  custom:video-decoder-ogg-theora: a1e56fd34408186e4bbccfd4996cb3dc -> 
  custom:container-demuxer-webm: 4f35f7cbe854078d1ac9338744f61a02 -> 
  custom:container-muxer-webm: aa71ff27fc2769a1b78a27578f13a17b -> 
  custom:video-decoder-webm-vp8: 9c59270c3fd7afecdb556c50c9e8de78 -> 
  custom:AudioImporter_EditorPlatform: 3918e3fc78b5a79bad01e8451be0beb8 -> 
  custom:framework-osx-AVFoundation: e770b220cccbd017edd2c1fefb359320 -> 
  custom:video-encoder-webm-vp8: eb34c28f22e8b96e1ab97ce403110664 -> 
  custom:audio-decoder-ogg-vorbis: bf7c407c2cedff20999df2af8eb42d56 -> 
  custom:audio-encoder-webm-vorbis: bf7c407c2cedff20999df2af8eb42d56 -> 
========================================================================
Received Prepare
Begin MonoManager ReloadAssembly
Thread 0x17daa3000 may have been prematurely finalized
Symbol file LoadedFromMemory doesn't match image /Users/mahmoudelbahkiry/Desktop/Project-BlinkTap/Library/PackageCache/com.unity.visualscripting@1.8.0/Editor/VisualScripting.Core/Dependencies/YamlDotNet/Unity.VisualScripting.YamlDotNet.dll
Symbol file LoadedFromMemory doesn't match image /Users/mahmoudelbahkiry/Desktop/Project-BlinkTap/Library/PackageCache/com.unity.visualscripting@1.8.0/Editor/VisualScripting.Core/Dependencies/DotNetZip/Unity.VisualScripting.IonicZip.dll
Symbol file LoadedFromMemory is not a mono symbol file
- Loaded All Assemblies, in  0.743 seconds
Refreshing native plugins compatible for Editor in 1.65 ms, found 3 plugins.
Native extension for iOS target not found
Native extension for OSXStandalone target not found
Mono: successfully reloaded assembly
[Package Manager] Server::EnsureServerProcessIsRunning -- launch failed, reason: Unity was launched with the -noUpm command-line argument
[Package Manager] UpmClient::Send -- Unable to send message (not connected to UPM process).
[Package Manager] Cannot connect to Unity Package Manager local server
- Finished resetting the current domain, in  0.926 seconds
Domain Reload Profiling:
	ReloadAssembly (238ms)
		BeginReloadAssembly (184ms)
			ExecutionOrderSort (0ms)
			DisableScriptedObjects (15ms)
			BackupInstance (0ms)
			ReleaseScriptingObjects (0ms)
			CreateAndSetChildDomain (62ms)
		LoadAllAssembliesAndSetupDomain (505ms)
			LoadAssemblies (338ms)
			RebuildTransferFunctionScriptingTraits (0ms)
			SetupTypeCache (245ms)
				TypeCache.Initialize (236ms)
					TypeCache.ScanAssembly (231ms)
				ResolveRequiredComponents (3ms)
		FinalizeReload (0ms)
			ReleaseScriptCaches (0ms)
			RebuildScriptCaches (0ms)
			SetupLoadedEditorAssemblies (328ms)
				LogAssemblyErrors (0ms)
				InitializePlatformSupportModulesInManaged (107ms)
				SetLoadedEditorAssemblies (4ms)
				RefreshPlugins (0ms)
				BeforeProcessingInitializeOnLoad (38ms)
				ProcessInitializeOnLoadAttributes (161ms)
				ProcessInitializeOnLoadMethodAttributes (16ms)
				AfterProcessingInitializeOnLoad (1ms)
				EditorAssembliesLoaded (0ms)
			ExecutionOrderSort2 (0ms)
			AwakeInstancesAfterBackupRestoration (5ms)
Refreshing native plugins compatible for Editor in 2.37 ms, found 3 plugins.
Preloading 0 native plugins for Editor in 0.00 ms.
Unloading 4265 Unused Serialized files (Serialized files now loaded: 0)
Unloading 52 unused Assets / (42.9 KB). Loaded Objects now: 4769.
Memory consumption went from 157.0 MB to 156.9 MB.
Total: 2.812583 ms (FindLiveObjects: 0.161125 ms CreateObjectMapping: 0.056584 ms MarkObjects: 2.504416 ms  DeleteObjects: 0.089958 ms)

Prepare: number of updated asset objects reloaded= 0
AssetImportParameters requested are different than current active one (requested -> active):
  custom:container-demuxer-ogg: 62fdf1f143b41e24485cea50d1cbac27 -> 
  custom:video-decoder-ogg-theora: a1e56fd34408186e4bbccfd4996cb3dc -> 
  custom:container-demuxer-webm: 4f35f7cbe854078d1ac9338744f61a02 -> 
  custom:container-muxer-webm: aa71ff27fc2769a1b78a27578f13a17b -> 
  custom:video-decoder-webm-vp8: 9c59270c3fd7afecdb556c50c9e8de78 -> 
  custom:AudioImporter_EditorPlatform: 3918e3fc78b5a79bad01e8451be0beb8 -> 
  custom:framework-osx-AVFoundation: e770b220cccbd017edd2c1fefb359320 -> 
  custom:video-encoder-webm-vp8: eb34c28f22e8b96e1ab97ce403110664 -> 
  custom:audio-decoder-ogg-vorbis: bf7c407c2cedff20999df2af8eb42d56 -> 
  custom:audio-encoder-webm-vorbis: bf7c407c2cedff20999df2af8eb42d56 -> 
========================================================================
Received Prepare
Begin MonoManager ReloadAssembly
Thread 0x17fab7000 may have been prematurely finalized
Symbol file LoadedFromMemory doesn't match image /Users/mahmoudelbahkiry/Desktop/Project-BlinkTap/Library/PackageCache/com.unity.visualscripting@1.8.0/Editor/VisualScripting.Core/Dependencies/YamlDotNet/Unity.VisualScripting.YamlDotNet.dll
Symbol file LoadedFromMemory doesn't match image /Users/mahmoudelbahkiry/Desktop/Project-BlinkTap/Library/PackageCache/com.unity.visualscripting@1.8.0/Editor/VisualScripting.Core/Dependencies/DotNetZip/Unity.VisualScripting.IonicZip.dll
Symbol file LoadedFromMemory is not a mono symbol file
- Loaded All Assemblies, in  0.587 seconds
Refreshing native plugins compatible for Editor in 1.85 ms, found 3 plugins.
Native extension for iOS target not found
Native extension for OSXStandalone target not found
Mono: successfully reloaded assembly
[Package Manager] Server::EnsureServerProcessIsRunning -- launch failed, reason: Unity was launched with the -noUpm command-line argument
[Package Manager] UpmClient::Send -- Unable to send message (not connected to UPM process).
[Package Manager] Cannot connect to Unity Package Manager local server
- Finished resetting the current domain, in  0.756 seconds
Domain Reload Profiling:
	ReloadAssembly (222ms)
		BeginReloadAssembly (169ms)
			ExecutionOrderSort (0ms)
			DisableScriptedObjects (11ms)
			BackupInstance (0ms)
			ReleaseScriptingObjects (0ms)
			CreateAndSetChildDomain (78ms)
		LoadAllAssembliesAndSetupDomain (365ms)
			LoadAssemblies (210ms)
			RebuildTransferFunctionScriptingTraits (0ms)
			SetupTypeCache (209ms)
				TypeCache.Initialize (203ms)
					TypeCache.ScanAssembly (198ms)
				ResolveRequiredComponents (3ms)
		FinalizeReload (0ms)
			ReleaseScriptCaches (0ms)
			RebuildScriptCaches (0ms)
			SetupLoadedEditorAssemblies (234ms)
				LogAssemblyErrors (0ms)
				InitializePlatformSupportModulesInManaged (18ms)
				SetLoadedEditorAssemblies (3ms)
				RefreshPlugins (0ms)
				BeforeProcessingInitializeOnLoad (39ms)
				ProcessInitializeOnLoadAttributes (159ms)
				ProcessInitializeOnLoadMethodAttributes (15ms)
				AfterProcessingInitializeOnLoad (1ms)
				EditorAssembliesLoaded (0ms)
			ExecutionOrderSort2 (0ms)
			AwakeInstancesAfterBackupRestoration (5ms)
Refreshing native plugins compatible for Editor in 2.51 ms, found 3 plugins.
Preloading 0 native plugins for Editor in 0.00 ms.
Unloading 4266 Unused Serialized files (Serialized files now loaded: 0)
Unloading 52 unused Assets / (43.0 KB). Loaded Objects now: 4774.
Memory consumption went from 162.3 MB to 162.3 MB.
Total: 3.510292 ms (FindLiveObjects: 0.197792 ms CreateObjectMapping: 0.095125 ms MarkObjects: 3.105125 ms  DeleteObjects: 0.111500 ms)

Prepare: number of updated asset objects reloaded= 0
AssetImportParameters requested are different than current active one (requested -> active):
  custom:container-demuxer-ogg: 62fdf1f143b41e24485cea50d1cbac27 -> 
  custom:video-decoder-ogg-theora: a1e56fd34408186e4bbccfd4996cb3dc -> 
  custom:container-demuxer-webm: 4f35f7cbe854078d1ac9338744f61a02 -> 
  custom:container-muxer-webm: aa71ff27fc2769a1b78a27578f13a17b -> 
  custom:video-decoder-webm-vp8: 9c59270c3fd7afecdb556c50c9e8de78 -> 
  custom:AudioImporter_EditorPlatform: 3918e3fc78b5a79bad01e8451be0beb8 -> 
  custom:framework-osx-AVFoundation: e770b220cccbd017edd2c1fefb359320 -> 
  custom:video-encoder-webm-vp8: eb34c28f22e8b96e1ab97ce403110664 -> 
  custom:audio-decoder-ogg-vorbis: bf7c407c2cedff20999df2af8eb42d56 -> 
  custom:audio-encoder-webm-vorbis: bf7c407c2cedff20999df2af8eb42d56 -> 
========================================================================
Received Import Request.
  Time since last request: 402.065535 seconds.
  path: Assets/AuthUIManager.cs
  artifactKey: Guid(8b82fb8dadbd14dfbaf47dbd58941b2c) Importer(815301076,1909f56bfc062723c751e8b465ee728b)
Start importing Assets/AuthUIManager.cs using Guid(8b82fb8dadbd14dfbaf47dbd58941b2c) Importer(815301076,1909f56bfc062723c751e8b465ee728b)  -> (artifact id: 'e951a5d285e7d5a8312b710ee3392ec7') in 0.032290 seconds
Number of updated asset objects reloaded before import = 0
Number of asset objects unloaded after import = 0
========================================================================
Received Import Request.
  Time since last request: 1224.649728 seconds.
  path: Assets/AuthUIManager.cs
  artifactKey: Guid(8b82fb8dadbd14dfbaf47dbd58941b2c) Importer(815301076,1909f56bfc062723c751e8b465ee728b)
Start importing Assets/AuthUIManager.cs using Guid(8b82fb8dadbd14dfbaf47dbd58941b2c) Importer(815301076,1909f56bfc062723c751e8b465ee728b)  -> (artifact id: '75db32bc74d9bd423d8c9bf71dc169be') in 0.018597 seconds
Number of updated asset objects reloaded before import = 0
Number of asset objects unloaded after import = 0
========================================================================
Received Import Request.
  Time since last request: 73.056534 seconds.
  path: Assets/Scripts/FirebaseController.cs
  artifactKey: Guid(250c5f0c36bf04886b08c91ef4ebab2b) Importer(815301076,1909f56bfc062723c751e8b465ee728b)
Start importing Assets/Scripts/FirebaseController.cs using Guid(250c5f0c36bf04886b08c91ef4ebab2b) Importer(815301076,1909f56bfc062723c751e8b465ee728b)  -> (artifact id: '76e0de93719c500be4e99bcb9a3a8357') in 0.007045 seconds
Number of updated asset objects reloaded before import = 0
Number of asset objects unloaded after import = 0
========================================================================
Received Import Request.
  Time since last request: 22.361316 seconds.
  path: Assets/Adaptive Performance/Settings
  artifactKey: Guid(48dd9867bff4a4cd99c7951ff33dd9f1) Importer(815301076,1909f56bfc062723c751e8b465ee728b)
Start importing Assets/Adaptive Performance/Settings using Guid(48dd9867bff4a4cd99c7951ff33dd9f1) Importer(815301076,1909f56bfc062723c751e8b465ee728b)  -> (artifact id: 'b637151c5273cd0ce1a00105cd9ae999') in 0.005296 seconds
Number of updated asset objects reloaded before import = 0
Number of asset objects unloaded after import = 0
========================================================================
Received Import Request.
  Time since last request: 0.019118 seconds.
  path: Assets/Adaptive Performance/Settings/Simulator Provider Settings.asset
  artifactKey: Guid(0fdcb82001448484a94245f01ede65fe) Importer(815301076,1909f56bfc062723c751e8b465ee728b)
Start importing Assets/Adaptive Performance/Settings/Simulator Provider Settings.asset using Guid(0fdcb82001448484a94245f01ede65fe) Importer(815301076,1909f56bfc062723c751e8b465ee728b)  -> (artifact id: '8798f68d9b003618eced0251e058044e') in 0.063722 seconds
Number of updated asset objects reloaded before import = 0
Number of asset objects unloaded after import = 1
========================================================================
Received Import Request.
  Time since last request: 28.411042 seconds.
  path: Assets/FirebaseAuthService.cs
  artifactKey: Guid(c76fb23df9a8f45e99c61521c7703a36) Importer(815301076,1909f56bfc062723c751e8b465ee728b)
Start importing Assets/FirebaseAuthService.cs using Guid(c76fb23df9a8f45e99c61521c7703a36) Importer(815301076,1909f56bfc062723c751e8b465ee728b)  -> (artifact id: 'ac9838cde7d0b6bc3b74c33c4593d209') in 0.000540 seconds
Number of updated asset objects reloaded before import = 0
Number of asset objects unloaded after import = 0
========================================================================
Received Prepare
Begin MonoManager ReloadAssembly
Thread 0x17fab7000 may have been prematurely finalized
Symbol file LoadedFromMemory doesn't match image /Users/mahmoudelbahkiry/Desktop/Project-BlinkTap/Library/PackageCache/com.unity.visualscripting@1.8.0/Editor/VisualScripting.Core/Dependencies/YamlDotNet/Unity.VisualScripting.YamlDotNet.dll
Symbol file LoadedFromMemory doesn't match image /Users/mahmoudelbahkiry/Desktop/Project-BlinkTap/Library/PackageCache/com.unity.visualscripting@1.8.0/Editor/VisualScripting.Core/Dependencies/DotNetZip/Unity.VisualScripting.IonicZip.dll
Symbol file LoadedFromMemory is not a mono symbol file
- Loaded All Assemblies, in  0.817 seconds
Refreshing native plugins compatible for Editor in 1.82 ms, found 3 plugins.
Native extension for iOS target not found
Native extension for OSXStandalone target not found
Mono: successfully reloaded assembly
[Package Manager] Server::EnsureServerProcessIsRunning -- launch failed, reason: Unity was launched with the -noUpm command-line argument
[Package Manager] UpmClient::Send -- Unable to send message (not connected to UPM process).
[Package Manager] Cannot connect to Unity Package Manager local server
- Finished resetting the current domain, in  0.871 seconds
Domain Reload Profiling:
	ReloadAssembly (295ms)
		BeginReloadAssembly (242ms)
			ExecutionOrderSort (0ms)
			DisableScriptedObjects (17ms)
			BackupInstance (0ms)
			ReleaseScriptingObjects (0ms)
			CreateAndSetChildDomain (114ms)
		LoadAllAssembliesAndSetupDomain (523ms)
			LoadAssemblies (361ms)
			RebuildTransferFunctionScriptingTraits (0ms)
			SetupTypeCache (245ms)
				TypeCache.Initialize (237ms)
					TypeCache.ScanAssembly (224ms)
				ResolveRequiredComponents (3ms)
		FinalizeReload (0ms)
			ReleaseScriptCaches (0ms)
			RebuildScriptCaches (0ms)
			SetupLoadedEditorAssemblies (255ms)
				LogAssemblyErrors (0ms)
				InitializePlatformSupportModulesInManaged (21ms)
				SetLoadedEditorAssemblies (3ms)
				RefreshPlugins (0ms)
				BeforeProcessingInitializeOnLoad (40ms)
				ProcessInitializeOnLoadAttributes (172ms)
				ProcessInitializeOnLoadMethodAttributes (18ms)
				AfterProcessingInitializeOnLoad (1ms)
				EditorAssembliesLoaded (0ms)
			ExecutionOrderSort2 (0ms)
			AwakeInstancesAfterBackupRestoration (5ms)
Refreshing native plugins compatible for Editor in 2.17 ms, found 3 plugins.
Preloading 0 native plugins for Editor in 0.00 ms.
Unloading 4264 Unused Serialized files (Serialized files now loaded: 0)
Unloading 54 unused Assets / (44.0 KB). Loaded Objects now: 4777.
Memory consumption went from 167.6 MB to 167.6 MB.
Total: 3.575584 ms (FindLiveObjects: 0.163208 ms CreateObjectMapping: 0.056375 ms MarkObjects: 3.284167 ms  DeleteObjects: 0.070916 ms)

Prepare: number of updated asset objects reloaded= 0
AssetImportParameters requested are different than current active one (requested -> active):
  custom:container-demuxer-ogg: 62fdf1f143b41e24485cea50d1cbac27 -> 
  custom:video-decoder-ogg-theora: a1e56fd34408186e4bbccfd4996cb3dc -> 
  custom:container-demuxer-webm: 4f35f7cbe854078d1ac9338744f61a02 -> 
  custom:container-muxer-webm: aa71ff27fc2769a1b78a27578f13a17b -> 
  custom:video-decoder-webm-vp8: 9c59270c3fd7afecdb556c50c9e8de78 -> 
  custom:AudioImporter_EditorPlatform: 3918e3fc78b5a79bad01e8451be0beb8 -> 
  custom:framework-osx-AVFoundation: e770b220cccbd017edd2c1fefb359320 -> 
  custom:video-encoder-webm-vp8: eb34c28f22e8b96e1ab97ce403110664 -> 
  custom:audio-decoder-ogg-vorbis: bf7c407c2cedff20999df2af8eb42d56 -> 
  custom:audio-encoder-webm-vorbis: bf7c407c2cedff20999df2af8eb42d56 -> 
========================================================================
Received Import Request.
  Time since last request: 77.811398 seconds.
  path: Assets/Scripts/FirebaseController.cs
  artifactKey: Guid(250c5f0c36bf04886b08c91ef4ebab2b) Importer(815301076,1909f56bfc062723c751e8b465ee728b)
Start importing Assets/Scripts/FirebaseController.cs using Guid(250c5f0c36bf04886b08c91ef4ebab2b) Importer(815301076,1909f56bfc062723c751e8b465ee728b)  -> (artifact id: '9190e78933b1f7b3d6a71599c30e06d9') in 0.015310 seconds
Number of updated asset objects reloaded before import = 0
Number of asset objects unloaded after import = 0
========================================================================
Received Prepare
Begin MonoManager ReloadAssembly
Thread 0x17fab7000 may have been prematurely finalized
Symbol file LoadedFromMemory doesn't match image /Users/mahmoudelbahkiry/Desktop/Project-BlinkTap/Library/PackageCache/com.unity.visualscripting@1.8.0/Editor/VisualScripting.Core/Dependencies/YamlDotNet/Unity.VisualScripting.YamlDotNet.dll
Symbol file LoadedFromMemory doesn't match image /Users/mahmoudelbahkiry/Desktop/Project-BlinkTap/Library/PackageCache/com.unity.visualscripting@1.8.0/Editor/VisualScripting.Core/Dependencies/DotNetZip/Unity.VisualScripting.IonicZip.dll
Symbol file LoadedFromMemory is not a mono symbol file
- Loaded All Assemblies, in  0.730 seconds
Refreshing native plugins compatible for Editor in 1.82 ms, found 3 plugins.
Native extension for iOS target not found
Native extension for OSXStandalone target not found
Mono: successfully reloaded assembly
[Package Manager] Server::EnsureServerProcessIsRunning -- launch failed, reason: Unity was launched with the -noUpm command-line argument
[Package Manager] UpmClient::Send -- Unable to send message (not connected to UPM process).
[Package Manager] Cannot connect to Unity Package Manager local server
- Finished resetting the current domain, in  1.490 seconds
Domain Reload Profiling:
	ReloadAssembly (270ms)
		BeginReloadAssembly (219ms)
			ExecutionOrderSort (0ms)
			DisableScriptedObjects (16ms)
			BackupInstance (0ms)
			ReleaseScriptingObjects (0ms)
			CreateAndSetChildDomain (77ms)
		LoadAllAssembliesAndSetupDomain (461ms)
			LoadAssemblies (317ms)
			RebuildTransferFunctionScriptingTraits (0ms)
			SetupTypeCache (230ms)
				TypeCache.Initialize (221ms)
					TypeCache.ScanAssembly (212ms)
				ResolveRequiredComponents (4ms)
		FinalizeReload (0ms)
			ReleaseScriptCaches (0ms)
			RebuildScriptCaches (0ms)
			SetupLoadedEditorAssemblies (906ms)
				LogAssemblyErrors (0ms)
				InitializePlatformSupportModulesInManaged (661ms)
				SetLoadedEditorAssemblies (3ms)
				RefreshPlugins (0ms)
				BeforeProcessingInitializeOnLoad (41ms)
				ProcessInitializeOnLoadAttributes (183ms)
				ProcessInitializeOnLoadMethodAttributes (18ms)
				AfterProcessingInitializeOnLoad (1ms)
				EditorAssembliesLoaded (0ms)
			ExecutionOrderSort2 (0ms)
			AwakeInstancesAfterBackupRestoration (6ms)
Refreshing native plugins compatible for Editor in 2.29 ms, found 3 plugins.
Preloading 0 native plugins for Editor in 0.00 ms.
Unloading 4264 Unused Serialized files (Serialized files now loaded: 0)
Unloading 52 unused Assets / (42.9 KB). Loaded Objects now: 4781.
Memory consumption went from 173.0 MB to 173.0 MB.
Total: 3.281625 ms (FindLiveObjects: 0.160625 ms CreateObjectMapping: 0.054209 ms MarkObjects: 2.919875 ms  DeleteObjects: 0.146459 ms)

Prepare: number of updated asset objects reloaded= 0
AssetImportParameters requested are different than current active one (requested -> active):
  custom:container-demuxer-ogg: 62fdf1f143b41e24485cea50d1cbac27 -> 
  custom:video-decoder-ogg-theora: a1e56fd34408186e4bbccfd4996cb3dc -> 
  custom:container-demuxer-webm: 4f35f7cbe854078d1ac9338744f61a02 -> 
  custom:container-muxer-webm: aa71ff27fc2769a1b78a27578f13a17b -> 
  custom:video-decoder-webm-vp8: 9c59270c3fd7afecdb556c50c9e8de78 -> 
  custom:AudioImporter_EditorPlatform: 3918e3fc78b5a79bad01e8451be0beb8 -> 
  custom:framework-osx-AVFoundation: e770b220cccbd017edd2c1fefb359320 -> 
  custom:video-encoder-webm-vp8: eb34c28f22e8b96e1ab97ce403110664 -> 
  custom:audio-decoder-ogg-vorbis: bf7c407c2cedff20999df2af8eb42d56 -> 
  custom:audio-encoder-webm-vorbis: bf7c407c2cedff20999df2af8eb42d56 -> 
========================================================================
Received Import Request.
  Time since last request: 2056.146971 seconds.
  path: Assets/Scripts/FirebaseController.cs
  artifactKey: Guid(250c5f0c36bf04886b08c91ef4ebab2b) Importer(815301076,1909f56bfc062723c751e8b465ee728b)
Start importing Assets/Scripts/FirebaseController.cs using Guid(250c5f0c36bf04886b08c91ef4ebab2b) Importer(815301076,1909f56bfc062723c751e8b465ee728b)  -> (artifact id: '590aec31b715b0ae3bd3e16177106f1b') in 0.011035 seconds
Number of updated asset objects reloaded before import = 0
Number of asset objects unloaded after import = 0
========================================================================
Received Prepare
Begin MonoManager ReloadAssembly
Thread 0x17fab7000 may have been prematurely finalized
Symbol file LoadedFromMemory doesn't match image /Users/mahmoudelbahkiry/Desktop/Project-BlinkTap/Library/PackageCache/com.unity.visualscripting@1.8.0/Editor/VisualScripting.Core/Dependencies/YamlDotNet/Unity.VisualScripting.YamlDotNet.dll
Symbol file LoadedFromMemory doesn't match image /Users/mahmoudelbahkiry/Desktop/Project-BlinkTap/Library/PackageCache/com.unity.visualscripting@1.8.0/Editor/VisualScripting.Core/Dependencies/DotNetZip/Unity.VisualScripting.IonicZip.dll
Symbol file LoadedFromMemory is not a mono symbol file
- Loaded All Assemblies, in  0.628 seconds
Refreshing native plugins compatible for Editor in 1.96 ms, found 3 plugins.
Native extension for iOS target not found
Native extension for OSXStandalone target not found
Mono: successfully reloaded assembly
[Package Manager] Server::EnsureServerProcessIsRunning -- launch failed, reason: Unity was launched with the -noUpm command-line argument
[Package Manager] UpmClient::Send -- Unable to send message (not connected to UPM process).
[Package Manager] Cannot connect to Unity Package Manager local server
- Finished resetting the current domain, in  0.799 seconds
Domain Reload Profiling:
	ReloadAssembly (236ms)
		BeginReloadAssembly (180ms)
			ExecutionOrderSort (0ms)
			DisableScriptedObjects (9ms)
			BackupInstance (0ms)
			ReleaseScriptingObjects (0ms)
			CreateAndSetChildDomain (72ms)
		LoadAllAssembliesAndSetupDomain (392ms)
			LoadAssemblies (259ms)
			RebuildTransferFunctionScriptingTraits (0ms)
			SetupTypeCache (203ms)
				TypeCache.Initialize (197ms)
					TypeCache.ScanAssembly (192ms)
				ResolveRequiredComponents (3ms)
		FinalizeReload (0ms)
			ReleaseScriptCaches (0ms)
			RebuildScriptCaches (0ms)
			SetupLoadedEditorAssemblies (230ms)
				LogAssemblyErrors (0ms)
				InitializePlatformSupportModulesInManaged (16ms)
				SetLoadedEditorAssemblies (2ms)
				RefreshPlugins (0ms)
				BeforeProcessingInitializeOnLoad (38ms)
				ProcessInitializeOnLoadAttributes (159ms)
				ProcessInitializeOnLoadMethodAttributes (15ms)
				AfterProcessingInitializeOnLoad (1ms)
				EditorAssembliesLoaded (0ms)
			ExecutionOrderSort2 (0ms)
			AwakeInstancesAfterBackupRestoration (5ms)
Refreshing native plugins compatible for Editor in 1.89 ms, found 3 plugins.
Preloading 0 native plugins for Editor in 0.00 ms.
Unloading 4263 Unused Serialized files (Serialized files now loaded: 0)
Unloading 53 unused Assets / (43.6 KB). Loaded Objects now: 4784.
Memory consumption went from 178.6 MB to 178.5 MB.
Total: 3.243541 ms (FindLiveObjects: 0.159333 ms CreateObjectMapping: 0.058416 ms MarkObjects: 2.960500 ms  DeleteObjects: 0.064500 ms)

Prepare: number of updated asset objects reloaded= 0
AssetImportParameters requested are different than current active one (requested -> active):
  custom:container-demuxer-ogg: 62fdf1f143b41e24485cea50d1cbac27 -> 
  custom:video-decoder-ogg-theora: a1e56fd34408186e4bbccfd4996cb3dc -> 
  custom:container-demuxer-webm: 4f35f7cbe854078d1ac9338744f61a02 -> 
  custom:container-muxer-webm: aa71ff27fc2769a1b78a27578f13a17b -> 
  custom:video-decoder-webm-vp8: 9c59270c3fd7afecdb556c50c9e8de78 -> 
  custom:AudioImporter_EditorPlatform: 3918e3fc78b5a79bad01e8451be0beb8 -> 
  custom:framework-osx-AVFoundation: e770b220cccbd017edd2c1fefb359320 -> 
  custom:video-encoder-webm-vp8: eb34c28f22e8b96e1ab97ce403110664 -> 
  custom:audio-decoder-ogg-vorbis: bf7c407c2cedff20999df2af8eb42d56 -> 
  custom:audio-encoder-webm-vorbis: bf7c407c2cedff20999df2af8eb42d56 -> 
========================================================================
Received Prepare
Begin MonoManager ReloadAssembly
Thread 0x17fab7000 may have been prematurely finalized
Symbol file LoadedFromMemory doesn't match image /Users/mahmoudelbahkiry/Desktop/Project-BlinkTap/Library/PackageCache/com.unity.visualscripting@1.8.0/Editor/VisualScripting.Core/Dependencies/YamlDotNet/Unity.VisualScripting.YamlDotNet.dll
Symbol file LoadedFromMemory doesn't match image /Users/mahmoudelbahkiry/Desktop/Project-BlinkTap/Library/PackageCache/com.unity.visualscripting@1.8.0/Editor/VisualScripting.Core/Dependencies/DotNetZip/Unity.VisualScripting.IonicZip.dll
Symbol file LoadedFromMemory is not a mono symbol file
- Loaded All Assemblies, in  0.810 seconds
Refreshing native plugins compatible for Editor in 1.96 ms, found 3 plugins.
Native extension for iOS target not found
Native extension for OSXStandalone target not found
Mono: successfully reloaded assembly
[Package Manager] Server::EnsureServerProcessIsRunning -- launch failed, reason: Unity was launched with the -noUpm command-line argument
[Package Manager] UpmClient::Send -- Unable to send message (not connected to UPM process).
[Package Manager] Cannot connect to Unity Package Manager local server
- Finished resetting the current domain, in  1.139 seconds
Domain Reload Profiling:
	ReloadAssembly (299ms)
		BeginReloadAssembly (248ms)
			ExecutionOrderSort (0ms)
			DisableScriptedObjects (32ms)
			BackupInstance (0ms)
			ReleaseScriptingObjects (0ms)
			CreateAndSetChildDomain (87ms)
		LoadAllAssembliesAndSetupDomain (511ms)
			LoadAssemblies (333ms)
			RebuildTransferFunctionScriptingTraits (0ms)
			SetupTypeCache (268ms)
				TypeCache.Initialize (262ms)
					TypeCache.ScanAssembly (250ms)
				ResolveRequiredComponents (3ms)
		FinalizeReload (0ms)
			ReleaseScriptCaches (0ms)
			RebuildScriptCaches (0ms)
			SetupLoadedEditorAssemblies (538ms)
				LogAssemblyErrors (0ms)
				InitializePlatformSupportModulesInManaged (283ms)
				SetLoadedEditorAssemblies (4ms)
				RefreshPlugins (0ms)
				BeforeProcessingInitializeOnLoad (48ms)
				ProcessInitializeOnLoadAttributes (182ms)
				ProcessInitializeOnLoadMethodAttributes (20ms)
				AfterProcessingInitializeOnLoad (1ms)
				EditorAssembliesLoaded (0ms)
			ExecutionOrderSort2 (0ms)
			AwakeInstancesAfterBackupRestoration (6ms)
Refreshing native plugins compatible for Editor in 1.86 ms, found 3 plugins.
Preloading 0 native plugins for Editor in 0.00 ms.
Unloading 4263 Unused Serialized files (Serialized files now loaded: 0)
Unloading 53 unused Assets / (43.5 KB). Loaded Objects now: 4787.
Memory consumption went from 183.9 MB to 183.9 MB.
Total: 3.420583 ms (FindLiveObjects: 0.191167 ms CreateObjectMapping: 0.061500 ms MarkObjects: 3.068334 ms  DeleteObjects: 0.099125 ms)

Prepare: number of updated asset objects reloaded= 0
AssetImportParameters requested are different than current active one (requested -> active):
  custom:container-demuxer-ogg: 62fdf1f143b41e24485cea50d1cbac27 -> 
  custom:video-decoder-ogg-theora: a1e56fd34408186e4bbccfd4996cb3dc -> 
  custom:container-demuxer-webm: 4f35f7cbe854078d1ac9338744f61a02 -> 
  custom:container-muxer-webm: aa71ff27fc2769a1b78a27578f13a17b -> 
  custom:video-decoder-webm-vp8: 9c59270c3fd7afecdb556c50c9e8de78 -> 
  custom:AudioImporter_EditorPlatform: 3918e3fc78b5a79bad01e8451be0beb8 -> 
  custom:framework-osx-AVFoundation: e770b220cccbd017edd2c1fefb359320 -> 
  custom:video-encoder-webm-vp8: eb34c28f22e8b96e1ab97ce403110664 -> 
  custom:audio-decoder-ogg-vorbis: bf7c407c2cedff20999df2af8eb42d56 -> 
  custom:audio-encoder-webm-vorbis: bf7c407c2cedff20999df2af8eb42d56 -> 
========================================================================
Received Prepare
Begin MonoManager ReloadAssembly
Thread 0x17fab7000 may have been prematurely finalized
Symbol file LoadedFromMemory doesn't match image /Users/mahmoudelbahkiry/Desktop/Project-BlinkTap/Library/PackageCache/com.unity.visualscripting@1.8.0/Editor/VisualScripting.Core/Dependencies/YamlDotNet/Unity.VisualScripting.YamlDotNet.dll
Symbol file LoadedFromMemory doesn't match image /Users/mahmoudelbahkiry/Desktop/Project-BlinkTap/Library/PackageCache/com.unity.visualscripting@1.8.0/Editor/VisualScripting.Core/Dependencies/DotNetZip/Unity.VisualScripting.IonicZip.dll
Symbol file LoadedFromMemory is not a mono symbol file
- Loaded All Assemblies, in  0.663 seconds
Refreshing native plugins compatible for Editor in 2.16 ms, found 3 plugins.
Native extension for iOS target not found
Native extension for OSXStandalone target not found
Mono: successfully reloaded assembly
[Package Manager] Server::EnsureServerProcessIsRunning -- launch failed, reason: Unity was launched with the -noUpm command-line argument
[Package Manager] UpmClient::Send -- Unable to send message (not connected to UPM process).
[Package Manager] Cannot connect to Unity Package Manager local server
- Finished resetting the current domain, in  0.871 seconds
Domain Reload Profiling:
	ReloadAssembly (235ms)
		BeginReloadAssembly (183ms)
			ExecutionOrderSort (0ms)
			DisableScriptedObjects (10ms)
			BackupInstance (0ms)
			ReleaseScriptingObjects (0ms)
			CreateAndSetChildDomain (68ms)
		LoadAllAssembliesAndSetupDomain (428ms)
			LoadAssemblies (267ms)
			RebuildTransferFunctionScriptingTraits (0ms)
			SetupTypeCache (234ms)
				TypeCache.Initialize (231ms)
					TypeCache.ScanAssembly (227ms)
				ResolveRequiredComponents (4ms)
		FinalizeReload (0ms)
			ReleaseScriptCaches (0ms)
			RebuildScriptCaches (0ms)
			SetupLoadedEditorAssemblies (259ms)
				LogAssemblyErrors (0ms)
				InitializePlatformSupportModulesInManaged (25ms)
				SetLoadedEditorAssemblies (3ms)
				RefreshPlugins (0ms)
				BeforeProcessingInitializeOnLoad (40ms)
				ProcessInitializeOnLoadAttributes (173ms)
				ProcessInitializeOnLoadMethodAttributes (17ms)
				AfterProcessingInitializeOnLoad (1ms)
				EditorAssembliesLoaded (0ms)
			ExecutionOrderSort2 (0ms)
			AwakeInstancesAfterBackupRestoration (6ms)
Refreshing native plugins compatible for Editor in 2.07 ms, found 3 plugins.
Preloading 0 native plugins for Editor in 0.00 ms.
Unloading 4263 Unused Serialized files (Serialized files now loaded: 0)
Unloading 52 unused Assets / (42.9 KB). Loaded Objects now: 4791.
Memory consumption went from 189.2 MB to 189.2 MB.
Total: 3.960000 ms (FindLiveObjects: 0.192083 ms CreateObjectMapping: 0.057625 ms MarkObjects: 3.629666 ms  DeleteObjects: 0.080042 ms)

Prepare: number of updated asset objects reloaded= 0
AssetImportParameters requested are different than current active one (requested -> active):
  custom:container-demuxer-ogg: 62fdf1f143b41e24485cea50d1cbac27 -> 
  custom:video-decoder-ogg-theora: a1e56fd34408186e4bbccfd4996cb3dc -> 
  custom:container-demuxer-webm: 4f35f7cbe854078d1ac9338744f61a02 -> 
  custom:container-muxer-webm: aa71ff27fc2769a1b78a27578f13a17b -> 
  custom:video-decoder-webm-vp8: 9c59270c3fd7afecdb556c50c9e8de78 -> 
  custom:AudioImporter_EditorPlatform: 3918e3fc78b5a79bad01e8451be0beb8 -> 
  custom:framework-osx-AVFoundation: e770b220cccbd017edd2c1fefb359320 -> 
  custom:video-encoder-webm-vp8: eb34c28f22e8b96e1ab97ce403110664 -> 
  custom:audio-decoder-ogg-vorbis: bf7c407c2cedff20999df2af8eb42d56 -> 
  custom:audio-encoder-webm-vorbis: bf7c407c2cedff20999df2af8eb42d56 -> 
========================================================================
Received Import Request.
  Time since last request: 2592.078042 seconds.
  path: Assets/Scripts/LoginManager.cs
  artifactKey: Guid(251798a87237841129001b3a68bd77fa) Importer(815301076,1909f56bfc062723c751e8b465ee728b)
Start importing Assets/Scripts/LoginManager.cs using Guid(251798a87237841129001b3a68bd77fa) Importer(815301076,1909f56bfc062723c751e8b465ee728b)  -> (artifact id: '48599acbee3f808a019e9670ea3fb565') in 0.020336 seconds
Number of updated asset objects reloaded before import = 0
Number of asset objects unloaded after import = 0
========================================================================
Received Prepare
Begin MonoManager ReloadAssembly
Thread 0x17fab7000 may have been prematurely finalized
Symbol file LoadedFromMemory doesn't match image /Users/mahmoudelbahkiry/Desktop/Project-BlinkTap/Library/PackageCache/com.unity.visualscripting@1.8.0/Editor/VisualScripting.Core/Dependencies/YamlDotNet/Unity.VisualScripting.YamlDotNet.dll
Symbol file LoadedFromMemory doesn't match image /Users/mahmoudelbahkiry/Desktop/Project-BlinkTap/Library/PackageCache/com.unity.visualscripting@1.8.0/Editor/VisualScripting.Core/Dependencies/DotNetZip/Unity.VisualScripting.IonicZip.dll
Symbol file LoadedFromMemory is not a mono symbol file
- Loaded All Assemblies, in  0.731 seconds
Refreshing native plugins compatible for Editor in 1.80 ms, found 3 plugins.
Native extension for iOS target not found
Native extension for OSXStandalone target not found
Mono: successfully reloaded assembly
[Package Manager] Server::EnsureServerProcessIsRunning -- launch failed, reason: Unity was launched with the -noUpm command-line argument
[Package Manager] UpmClient::Send -- Unable to send message (not connected to UPM process).
[Package Manager] Cannot connect to Unity Package Manager local server
- Finished resetting the current domain, in  0.813 seconds
Domain Reload Profiling:
	ReloadAssembly (320ms)
		BeginReloadAssembly (246ms)
			ExecutionOrderSort (0ms)
			DisableScriptedObjects (10ms)
			BackupInstance (0ms)
			ReleaseScriptingObjects (0ms)
			CreateAndSetChildDomain (142ms)
		LoadAllAssembliesAndSetupDomain (411ms)
			LoadAssemblies (267ms)
			RebuildTransferFunctionScriptingTraits (0ms)
			SetupTypeCache (211ms)
				TypeCache.Initialize (205ms)
					TypeCache.ScanAssembly (202ms)
				ResolveRequiredComponents (3ms)
		FinalizeReload (0ms)
			ReleaseScriptCaches (0ms)
			RebuildScriptCaches (0ms)
			SetupLoadedEditorAssemblies (233ms)
				LogAssemblyErrors (0ms)
				InitializePlatformSupportModulesInManaged (17ms)
				SetLoadedEditorAssemblies (2ms)
				RefreshPlugins (0ms)
				BeforeProcessingInitializeOnLoad (37ms)
				ProcessInitializeOnLoadAttributes (161ms)
				ProcessInitializeOnLoadMethodAttributes (14ms)
				AfterProcessingInitializeOnLoad (1ms)
				EditorAssembliesLoaded (0ms)
			ExecutionOrderSort2 (0ms)
			AwakeInstancesAfterBackupRestoration (5ms)
Refreshing native plugins compatible for Editor in 1.76 ms, found 3 plugins.
Preloading 0 native plugins for Editor in 0.00 ms.
Unloading 4263 Unused Serialized files (Serialized files now loaded: 0)
Unloading 52 unused Assets / (43.0 KB). Loaded Objects now: 4796.
Memory consumption went from 194.5 MB to 194.5 MB.
Total: 3.139625 ms (FindLiveObjects: 0.175041 ms CreateObjectMapping: 0.059917 ms MarkObjects: 2.828916 ms  DeleteObjects: 0.075209 ms)

Prepare: number of updated asset objects reloaded= 0
AssetImportParameters requested are different than current active one (requested -> active):
  custom:container-demuxer-ogg: 62fdf1f143b41e24485cea50d1cbac27 -> 
  custom:video-decoder-ogg-theora: a1e56fd34408186e4bbccfd4996cb3dc -> 
  custom:container-demuxer-webm: 4f35f7cbe854078d1ac9338744f61a02 -> 
  custom:container-muxer-webm: aa71ff27fc2769a1b78a27578f13a17b -> 
  custom:video-decoder-webm-vp8: 9c59270c3fd7afecdb556c50c9e8de78 -> 
  custom:AudioImporter_EditorPlatform: 3918e3fc78b5a79bad01e8451be0beb8 -> 
  custom:framework-osx-AVFoundation: e770b220cccbd017edd2c1fefb359320 -> 
  custom:video-encoder-webm-vp8: eb34c28f22e8b96e1ab97ce403110664 -> 
  custom:audio-decoder-ogg-vorbis: bf7c407c2cedff20999df2af8eb42d56 -> 
  custom:audio-encoder-webm-vorbis: bf7c407c2cedff20999df2af8eb42d56 -> 
========================================================================
Received Import Request.
  Time since last request: 17.786717 seconds.
  path: Assets/Scripts/RegisterManager.cs
  artifactKey: Guid(28dd0586139f14a6588accc2a64d1296) Importer(815301076,1909f56bfc062723c751e8b465ee728b)
Start importing Assets/Scripts/RegisterManager.cs using Guid(28dd0586139f14a6588accc2a64d1296) Importer(815301076,1909f56bfc062723c751e8b465ee728b)  -> (artifact id: '77f7e8a35e740f57fd65799b13f60efd') in 0.006148 seconds
Number of updated asset objects reloaded before import = 0
Number of asset objects unloaded after import = 0
========================================================================
Received Prepare
Begin MonoManager ReloadAssembly
Thread 0x16b8df000 may have been prematurely finalized
Symbol file LoadedFromMemory doesn't match image /Users/mahmoudelbahkiry/Desktop/Project-BlinkTap/Library/PackageCache/com.unity.visualscripting@1.8.0/Editor/VisualScripting.Core/Dependencies/YamlDotNet/Unity.VisualScripting.YamlDotNet.dll
Symbol file LoadedFromMemory doesn't match image /Users/mahmoudelbahkiry/Desktop/Project-BlinkTap/Library/PackageCache/com.unity.visualscripting@1.8.0/Editor/VisualScripting.Core/Dependencies/DotNetZip/Unity.VisualScripting.IonicZip.dll
Symbol file LoadedFromMemory is not a mono symbol file
- Loaded All Assemblies, in  0.558 seconds
Refreshing native plugins compatible for Editor in 1.66 ms, found 3 plugins.
Native extension for iOS target not found
Native extension for OSXStandalone target not found
Mono: successfully reloaded assembly
[Package Manager] Server::EnsureServerProcessIsRunning -- launch failed, reason: Unity was launched with the -noUpm command-line argument
[Package Manager] UpmClient::Send -- Unable to send message (not connected to UPM process).
[Package Manager] Cannot connect to Unity Package Manager local server
- Finished resetting the current domain, in  0.774 seconds
Domain Reload Profiling:
	ReloadAssembly (199ms)
		BeginReloadAssembly (146ms)
			ExecutionOrderSort (0ms)
			DisableScriptedObjects (9ms)
			BackupInstance (0ms)
			ReleaseScriptingObjects (0ms)
			CreateAndSetChildDomain (72ms)
		LoadAllAssembliesAndSetupDomain (359ms)
			LoadAssemblies (191ms)
			RebuildTransferFunctionScriptingTraits (0ms)
			SetupTypeCache (209ms)
				TypeCache.Initialize (201ms)
					TypeCache.ScanAssembly (196ms)
				ResolveRequiredComponents (3ms)
		FinalizeReload (0ms)
			ReleaseScriptCaches (0ms)
			RebuildScriptCaches (0ms)
			SetupLoadedEditorAssemblies (245ms)
				LogAssemblyErrors (0ms)
				InitializePlatformSupportModulesInManaged (18ms)
				SetLoadedEditorAssemblies (3ms)
				RefreshPlugins (0ms)
				BeforeProcessingInitializeOnLoad (39ms)
				ProcessInitializeOnLoadAttributes (168ms)
				ProcessInitializeOnLoadMethodAttributes (16ms)
				AfterProcessingInitializeOnLoad (1ms)
				EditorAssembliesLoaded (0ms)
			ExecutionOrderSort2 (0ms)
			AwakeInstancesAfterBackupRestoration (5ms)
Refreshing native plugins compatible for Editor in 1.79 ms, found 3 plugins.
Preloading 0 native plugins for Editor in 0.00 ms.
Unloading 4264 Unused Serialized files (Serialized files now loaded: 0)
Unloading 52 unused Assets / (43.0 KB). Loaded Objects now: 4801.
Memory consumption went from 200.1 MB to 200.0 MB.
Total: 3.202542 ms (FindLiveObjects: 0.204583 ms CreateObjectMapping: 0.060167 ms MarkObjects: 2.860541 ms  DeleteObjects: 0.076541 ms)

Prepare: number of updated asset objects reloaded= 0
AssetImportParameters requested are different than current active one (requested -> active):
  custom:container-demuxer-ogg: 62fdf1f143b41e24485cea50d1cbac27 -> 
  custom:video-decoder-ogg-theora: a1e56fd34408186e4bbccfd4996cb3dc -> 
  custom:container-demuxer-webm: 4f35f7cbe854078d1ac9338744f61a02 -> 
  custom:container-muxer-webm: aa71ff27fc2769a1b78a27578f13a17b -> 
  custom:video-decoder-webm-vp8: 9c59270c3fd7afecdb556c50c9e8de78 -> 
  custom:AudioImporter_EditorPlatform: 3918e3fc78b5a79bad01e8451be0beb8 -> 
  custom:framework-osx-AVFoundation: e770b220cccbd017edd2c1fefb359320 -> 
  custom:video-encoder-webm-vp8: eb34c28f22e8b96e1ab97ce403110664 -> 
  custom:audio-decoder-ogg-vorbis: bf7c407c2cedff20999df2af8eb42d56 -> 
  custom:audio-encoder-webm-vorbis: bf7c407c2cedff20999df2af8eb42d56 -> 
========================================================================
Received Import Request.
  Time since last request: 37.429305 seconds.
  path: Assets/Scripts/LoadingManager.cs
  artifactKey: Guid(3909a5fbdcd8f49219d13dfdeb98ea0e) Importer(815301076,1909f56bfc062723c751e8b465ee728b)
Start importing Assets/Scripts/LoadingManager.cs using Guid(3909a5fbdcd8f49219d13dfdeb98ea0e) Importer(815301076,1909f56bfc062723c751e8b465ee728b)  -> (artifact id: '41d9b30f21d299468ae986a55cb62a4b') in 0.007890 seconds
Number of updated asset objects reloaded before import = 0
Number of asset objects unloaded after import = 0
========================================================================
Received Prepare
Begin MonoManager ReloadAssembly
Thread 0x16b8df000 may have been prematurely finalized
Symbol file LoadedFromMemory doesn't match image /Users/mahmoudelbahkiry/Desktop/Project-BlinkTap/Library/PackageCache/com.unity.visualscripting@1.8.0/Editor/VisualScripting.Core/Dependencies/YamlDotNet/Unity.VisualScripting.YamlDotNet.dll
Symbol file LoadedFromMemory doesn't match image /Users/mahmoudelbahkiry/Desktop/Project-BlinkTap/Library/PackageCache/com.unity.visualscripting@1.8.0/Editor/VisualScripting.Core/Dependencies/DotNetZip/Unity.VisualScripting.IonicZip.dll
Symbol file LoadedFromMemory is not a mono symbol file
- Loaded All Assemblies, in  0.543 seconds
Refreshing native plugins compatible for Editor in 1.85 ms, found 3 plugins.
Native extension for iOS target not found
Native extension for OSXStandalone target not found
Mono: successfully reloaded assembly
[Package Manager] Server::EnsureServerProcessIsRunning -- launch failed, reason: Unity was launched with the -noUpm command-line argument
[Package Manager] UpmClient::Send -- Unable to send message (not connected to UPM process).
[Package Manager] Cannot connect to Unity Package Manager local server
- Finished resetting the current domain, in  0.811 seconds
Domain Reload Profiling:
	ReloadAssembly (194ms)
		BeginReloadAssembly (138ms)
			ExecutionOrderSort (0ms)
			DisableScriptedObjects (8ms)
			BackupInstance (0ms)
			ReleaseScriptingObjects (0ms)
			CreateAndSetChildDomain (69ms)
		LoadAllAssembliesAndSetupDomain (350ms)
			LoadAssemblies (185ms)
			RebuildTransferFunctionScriptingTraits (0ms)
			SetupTypeCache (201ms)
				TypeCache.Initialize (195ms)
					TypeCache.ScanAssembly (191ms)
				ResolveRequiredComponents (3ms)
		FinalizeReload (0ms)
			ReleaseScriptCaches (0ms)
			RebuildScriptCaches (0ms)
			SetupLoadedEditorAssemblies (246ms)
				LogAssemblyErrors (0ms)
				InitializePlatformSupportModulesInManaged (17ms)
				SetLoadedEditorAssemblies (3ms)
				RefreshPlugins (0ms)
				BeforeProcessingInitializeOnLoad (40ms)
				ProcessInitializeOnLoadAttributes (169ms)
				ProcessInitializeOnLoadMethodAttributes (18ms)
				AfterProcessingInitializeOnLoad (1ms)
				EditorAssembliesLoaded (0ms)
			ExecutionOrderSort2 (0ms)
			AwakeInstancesAfterBackupRestoration (5ms)
Refreshing native plugins compatible for Editor in 2.20 ms, found 3 plugins.
Preloading 0 native plugins for Editor in 0.00 ms.
Unloading 4265 Unused Serialized files (Serialized files now loaded: 0)
Unloading 52 unused Assets / (43.0 KB). Loaded Objects now: 4806.
Memory consumption went from 205.6 MB to 205.6 MB.
Total: 3.482875 ms (FindLiveObjects: 0.158584 ms CreateObjectMapping: 0.054000 ms MarkObjects: 3.044666 ms  DeleteObjects: 0.224959 ms)

Prepare: number of updated asset objects reloaded= 0
AssetImportParameters requested are different than current active one (requested -> active):
  custom:container-demuxer-ogg: 62fdf1f143b41e24485cea50d1cbac27 -> 
  custom:video-decoder-ogg-theora: a1e56fd34408186e4bbccfd4996cb3dc -> 
  custom:container-demuxer-webm: 4f35f7cbe854078d1ac9338744f61a02 -> 
  custom:container-muxer-webm: aa71ff27fc2769a1b78a27578f13a17b -> 
  custom:video-decoder-webm-vp8: 9c59270c3fd7afecdb556c50c9e8de78 -> 
  custom:AudioImporter_EditorPlatform: 3918e3fc78b5a79bad01e8451be0beb8 -> 
  custom:framework-osx-AVFoundation: e770b220cccbd017edd2c1fefb359320 -> 
  custom:video-encoder-webm-vp8: eb34c28f22e8b96e1ab97ce403110664 -> 
  custom:audio-decoder-ogg-vorbis: bf7c407c2cedff20999df2af8eb42d56 -> 
  custom:audio-encoder-webm-vorbis: bf7c407c2cedff20999df2af8eb42d56 -> 
========================================================================
Received Prepare
Begin MonoManager ReloadAssembly
Thread 0x16b8df000 may have been prematurely finalized
Symbol file LoadedFromMemory doesn't match image /Users/mahmoudelbahkiry/Desktop/Project-BlinkTap/Library/PackageCache/com.unity.visualscripting@1.8.0/Editor/VisualScripting.Core/Dependencies/YamlDotNet/Unity.VisualScripting.YamlDotNet.dll
Symbol file LoadedFromMemory doesn't match image /Users/mahmoudelbahkiry/Desktop/Project-BlinkTap/Library/PackageCache/com.unity.visualscripting@1.8.0/Editor/VisualScripting.Core/Dependencies/DotNetZip/Unity.VisualScripting.IonicZip.dll
Symbol file LoadedFromMemory is not a mono symbol file
- Loaded All Assemblies, in  0.683 seconds
Refreshing native plugins compatible for Editor in 1.82 ms, found 3 plugins.
Native extension for iOS target not found
Native extension for OSXStandalone target not found
Mono: successfully reloaded assembly
[Package Manager] Server::EnsureServerProcessIsRunning -- launch failed, reason: Unity was launched with the -noUpm command-line argument
[Package Manager] UpmClient::Send -- Unable to send message (not connected to UPM process).
[Package Manager] Cannot connect to Unity Package Manager local server
- Finished resetting the current domain, in  1.318 seconds
Domain Reload Profiling:
	ReloadAssembly (257ms)
		BeginReloadAssembly (197ms)
			ExecutionOrderSort (0ms)
			DisableScriptedObjects (9ms)
			BackupInstance (0ms)
			ReleaseScriptingObjects (0ms)
			CreateAndSetChildDomain (81ms)
		LoadAllAssembliesAndSetupDomain (426ms)
			LoadAssemblies (298ms)
			RebuildTransferFunctionScriptingTraits (0ms)
			SetupTypeCache (209ms)
				TypeCache.Initialize (204ms)
					TypeCache.ScanAssembly (199ms)
				ResolveRequiredComponents (3ms)
		FinalizeReload (0ms)
			ReleaseScriptCaches (0ms)
			RebuildScriptCaches (0ms)
			SetupLoadedEditorAssemblies (715ms)
				LogAssemblyErrors (0ms)
				InitializePlatformSupportModulesInManaged (488ms)
				SetLoadedEditorAssemblies (3ms)
				RefreshPlugins (0ms)
				BeforeProcessingInitializeOnLoad (39ms)
				ProcessInitializeOnLoadAttributes (168ms)
				ProcessInitializeOnLoadMethodAttributes (17ms)
				AfterProcessingInitializeOnLoad (1ms)
				EditorAssembliesLoaded (0ms)
			ExecutionOrderSort2 (0ms)
			AwakeInstancesAfterBackupRestoration (6ms)
Refreshing native plugins compatible for Editor in 1.76 ms, found 3 plugins.
Preloading 0 native plugins for Editor in 0.00 ms.
Unloading 4266 Unused Serialized files (Serialized files now loaded: 0)
Unloading 52 unused Assets / (42.9 KB). Loaded Objects now: 4810.
Memory consumption went from 211.2 MB to 211.1 MB.
Total: 3.308250 ms (FindLiveObjects: 0.148583 ms CreateObjectMapping: 0.054708 ms MarkObjects: 3.003750 ms  DeleteObjects: 0.100625 ms)

Prepare: number of updated asset objects reloaded= 0
AssetImportParameters requested are different than current active one (requested -> active):
  custom:container-demuxer-ogg: 62fdf1f143b41e24485cea50d1cbac27 -> 
  custom:video-decoder-ogg-theora: a1e56fd34408186e4bbccfd4996cb3dc -> 
  custom:container-demuxer-webm: 4f35f7cbe854078d1ac9338744f61a02 -> 
  custom:container-muxer-webm: aa71ff27fc2769a1b78a27578f13a17b -> 
  custom:video-decoder-webm-vp8: 9c59270c3fd7afecdb556c50c9e8de78 -> 
  custom:AudioImporter_EditorPlatform: 3918e3fc78b5a79bad01e8451be0beb8 -> 
  custom:framework-osx-AVFoundation: e770b220cccbd017edd2c1fefb359320 -> 
  custom:video-encoder-webm-vp8: eb34c28f22e8b96e1ab97ce403110664 -> 
  custom:audio-decoder-ogg-vorbis: bf7c407c2cedff20999df2af8eb42d56 -> 
  custom:audio-encoder-webm-vorbis: bf7c407c2cedff20999df2af8eb42d56 -> 
========================================================================
Received Import Request.
  Time since last request: 489.636340 seconds.
  path: Assets/Scripts/LoginManager.cs
  artifactKey: Guid(251798a87237841129001b3a68bd77fa) Importer(815301076,1909f56bfc062723c751e8b465ee728b)
Start importing Assets/Scripts/LoginManager.cs using Guid(251798a87237841129001b3a68bd77fa) Importer(815301076,1909f56bfc062723c751e8b465ee728b)  -> (artifact id: 'ec3567184955c7c007ef140368f4a6f2') in 0.010635 seconds
Number of updated asset objects reloaded before import = 0
Number of asset objects unloaded after import = 0
========================================================================
Received Prepare
Begin MonoManager ReloadAssembly
Thread 0x16b8df000 may have been prematurely finalized
Symbol file LoadedFromMemory doesn't match image /Users/mahmoudelbahkiry/Desktop/Project-BlinkTap/Library/PackageCache/com.unity.visualscripting@1.8.0/Editor/VisualScripting.Core/Dependencies/YamlDotNet/Unity.VisualScripting.YamlDotNet.dll
Symbol file LoadedFromMemory doesn't match image /Users/mahmoudelbahkiry/Desktop/Project-BlinkTap/Library/PackageCache/com.unity.visualscripting@1.8.0/Editor/VisualScripting.Core/Dependencies/DotNetZip/Unity.VisualScripting.IonicZip.dll
Symbol file LoadedFromMemory is not a mono symbol file
- Loaded All Assemblies, in  0.599 seconds
Refreshing native plugins compatible for Editor in 1.76 ms, found 3 plugins.
Native extension for iOS target not found
Native extension for OSXStandalone target not found
Mono: successfully reloaded assembly
[Package Manager] Server::EnsureServerProcessIsRunning -- launch failed, reason: Unity was launched with the -noUpm command-line argument
[Package Manager] UpmClient::Send -- Unable to send message (not connected to UPM process).
[Package Manager] Cannot connect to Unity Package Manager local server
- Finished resetting the current domain, in  0.893 seconds
Domain Reload Profiling:
	ReloadAssembly (207ms)
		BeginReloadAssembly (150ms)
			ExecutionOrderSort (0ms)
			DisableScriptedObjects (9ms)
			BackupInstance (0ms)
			ReleaseScriptingObjects (0ms)
			CreateAndSetChildDomain (76ms)
		LoadAllAssembliesAndSetupDomain (392ms)
			LoadAssemblies (195ms)
			RebuildTransferFunctionScriptingTraits (0ms)
			SetupTypeCache (233ms)
				TypeCache.Initialize (228ms)
					TypeCache.ScanAssembly (222ms)
				ResolveRequiredComponents (3ms)
		FinalizeReload (0ms)
			ReleaseScriptCaches (0ms)
			RebuildScriptCaches (0ms)
			SetupLoadedEditorAssemblies (327ms)
				LogAssemblyErrors (0ms)
				InitializePlatformSupportModulesInManaged (101ms)
				SetLoadedEditorAssemblies (4ms)
				RefreshPlugins (0ms)
				BeforeProcessingInitializeOnLoad (46ms)
				ProcessInitializeOnLoadAttributes (158ms)
				ProcessInitializeOnLoadMethodAttributes (17ms)
				AfterProcessingInitializeOnLoad (1ms)
				EditorAssembliesLoaded (0ms)
			ExecutionOrderSort2 (0ms)
			AwakeInstancesAfterBackupRestoration (6ms)
Refreshing native plugins compatible for Editor in 2.06 ms, found 3 plugins.
Preloading 0 native plugins for Editor in 0.00 ms.
Unloading 4265 Unused Serialized files (Serialized files now loaded: 0)
Unloading 52 unused Assets / (43.0 KB). Loaded Objects now: 4814.
Memory consumption went from 216.4 MB to 216.4 MB.
Total: 2.813250 ms (FindLiveObjects: 0.165875 ms CreateObjectMapping: 0.056375 ms MarkObjects: 2.517125 ms  DeleteObjects: 0.073417 ms)

Prepare: number of updated asset objects reloaded= 0
AssetImportParameters requested are different than current active one (requested -> active):
  custom:container-demuxer-ogg: 62fdf1f143b41e24485cea50d1cbac27 -> 
  custom:video-decoder-ogg-theora: a1e56fd34408186e4bbccfd4996cb3dc -> 
  custom:container-demuxer-webm: 4f35f7cbe854078d1ac9338744f61a02 -> 
  custom:container-muxer-webm: aa71ff27fc2769a1b78a27578f13a17b -> 
  custom:video-decoder-webm-vp8: 9c59270c3fd7afecdb556c50c9e8de78 -> 
  custom:AudioImporter_EditorPlatform: 3918e3fc78b5a79bad01e8451be0beb8 -> 
  custom:framework-osx-AVFoundation: e770b220cccbd017edd2c1fefb359320 -> 
  custom:video-encoder-webm-vp8: eb34c28f22e8b96e1ab97ce403110664 -> 
  custom:audio-decoder-ogg-vorbis: bf7c407c2cedff20999df2af8eb42d56 -> 
  custom:audio-encoder-webm-vorbis: bf7c407c2cedff20999df2af8eb42d56 -> 
========================================================================
Received Prepare
Begin MonoManager ReloadAssembly
Thread 0x16b8df000 may have been prematurely finalized
Symbol file LoadedFromMemory doesn't match image /Users/mahmoudelbahkiry/Desktop/Project-BlinkTap/Library/PackageCache/com.unity.visualscripting@1.8.0/Editor/VisualScripting.Core/Dependencies/YamlDotNet/Unity.VisualScripting.YamlDotNet.dll
Symbol file LoadedFromMemory doesn't match image /Users/mahmoudelbahkiry/Desktop/Project-BlinkTap/Library/PackageCache/com.unity.visualscripting@1.8.0/Editor/VisualScripting.Core/Dependencies/DotNetZip/Unity.VisualScripting.IonicZip.dll
Symbol file LoadedFromMemory is not a mono symbol file
- Loaded All Assemblies, in  0.666 seconds
Refreshing native plugins compatible for Editor in 1.85 ms, found 3 plugins.
Native extension for iOS target not found
Native extension for OSXStandalone target not found
Mono: successfully reloaded assembly
[Package Manager] Server::EnsureServerProcessIsRunning -- launch failed, reason: Unity was launched with the -noUpm command-line argument
[Package Manager] UpmClient::Send -- Unable to send message (not connected to UPM process).
[Package Manager] Cannot connect to Unity Package Manager local server
- Finished resetting the current domain, in  0.824 seconds
Domain Reload Profiling:
	ReloadAssembly (248ms)
		BeginReloadAssembly (189ms)
			ExecutionOrderSort (0ms)
			DisableScriptedObjects (8ms)
			BackupInstance (0ms)
			ReleaseScriptingObjects (0ms)
			CreateAndSetChildDomain (82ms)
		LoadAllAssembliesAndSetupDomain (418ms)
			LoadAssemblies (266ms)
			RebuildTransferFunctionScriptingTraits (0ms)
			SetupTypeCache (226ms)
				TypeCache.Initialize (215ms)
					TypeCache.ScanAssembly (211ms)
				ResolveRequiredComponents (4ms)
		FinalizeReload (0ms)
			ReleaseScriptCaches (0ms)
			RebuildScriptCaches (0ms)
			SetupLoadedEditorAssemblies (243ms)
				LogAssemblyErrors (0ms)
				InitializePlatformSupportModulesInManaged (22ms)
				SetLoadedEditorAssemblies (3ms)
				RefreshPlugins (0ms)
				BeforeProcessingInitializeOnLoad (39ms)
				ProcessInitializeOnLoadAttributes (162ms)
				ProcessInitializeOnLoadMethodAttributes (17ms)
				AfterProcessingInitializeOnLoad (1ms)
				EditorAssembliesLoaded (0ms)
			ExecutionOrderSort2 (0ms)
			AwakeInstancesAfterBackupRestoration (5ms)
Refreshing native plugins compatible for Editor in 2.97 ms, found 3 plugins.
Preloading 0 native plugins for Editor in 0.00 ms.
Unloading 4266 Unused Serialized files (Serialized files now loaded: 0)
Unloading 52 unused Assets / (43.0 KB). Loaded Objects now: 4818.
Memory consumption went from 222.0 MB to 222.0 MB.
Total: 3.096875 ms (FindLiveObjects: 0.162833 ms CreateObjectMapping: 0.056875 ms MarkObjects: 2.807125 ms  DeleteObjects: 0.069250 ms)

Prepare: number of updated asset objects reloaded= 0
AssetImportParameters requested are different than current active one (requested -> active):
  custom:container-demuxer-ogg: 62fdf1f143b41e24485cea50d1cbac27 -> 
  custom:video-decoder-ogg-theora: a1e56fd34408186e4bbccfd4996cb3dc -> 
  custom:container-demuxer-webm: 4f35f7cbe854078d1ac9338744f61a02 -> 
  custom:container-muxer-webm: aa71ff27fc2769a1b78a27578f13a17b -> 
  custom:video-decoder-webm-vp8: 9c59270c3fd7afecdb556c50c9e8de78 -> 
  custom:AudioImporter_EditorPlatform: 3918e3fc78b5a79bad01e8451be0beb8 -> 
  custom:framework-osx-AVFoundation: e770b220cccbd017edd2c1fefb359320 -> 
  custom:video-encoder-webm-vp8: eb34c28f22e8b96e1ab97ce403110664 -> 
  custom:audio-decoder-ogg-vorbis: bf7c407c2cedff20999df2af8eb42d56 -> 
  custom:audio-encoder-webm-vorbis: bf7c407c2cedff20999df2af8eb42d56 -> 
========================================================================
Received Prepare
Begin MonoManager ReloadAssembly
Thread 0x16b8df000 may have been prematurely finalized
Symbol file LoadedFromMemory doesn't match image /Users/mahmoudelbahkiry/Desktop/Project-BlinkTap/Library/PackageCache/com.unity.visualscripting@1.8.0/Editor/VisualScripting.Core/Dependencies/YamlDotNet/Unity.VisualScripting.YamlDotNet.dll
Symbol file LoadedFromMemory doesn't match image /Users/mahmoudelbahkiry/Desktop/Project-BlinkTap/Library/PackageCache/com.unity.visualscripting@1.8.0/Editor/VisualScripting.Core/Dependencies/DotNetZip/Unity.VisualScripting.IonicZip.dll
Symbol file LoadedFromMemory is not a mono symbol file
- Loaded All Assemblies, in  0.600 seconds
Refreshing native plugins compatible for Editor in 4.29 ms, found 3 plugins.
Native extension for iOS target not found
Native extension for OSXStandalone target not found
Mono: successfully reloaded assembly
[Package Manager] Server::EnsureServerProcessIsRunning -- launch failed, reason: Unity was launched with the -noUpm command-line argument
[Package Manager] UpmClient::Send -- Unable to send message (not connected to UPM process).
[Package Manager] Cannot connect to Unity Package Manager local server
- Finished resetting the current domain, in  0.778 seconds
Domain Reload Profiling:
	ReloadAssembly (233ms)
		BeginReloadAssembly (174ms)
			ExecutionOrderSort (0ms)
			DisableScriptedObjects (9ms)
			BackupInstance (0ms)
			ReleaseScriptingObjects (0ms)
			CreateAndSetChildDomain (81ms)
		LoadAllAssembliesAndSetupDomain (371ms)
			LoadAssemblies (233ms)
			RebuildTransferFunctionScriptingTraits (0ms)
			SetupTypeCache (193ms)
				TypeCache.Initialize (188ms)
					TypeCache.ScanAssembly (184ms)
				ResolveRequiredComponents (3ms)
		FinalizeReload (0ms)
			ReleaseScriptCaches (0ms)
			RebuildScriptCaches (0ms)
			SetupLoadedEditorAssemblies (233ms)
				LogAssemblyErrors (0ms)
				InitializePlatformSupportModulesInManaged (17ms)
				SetLoadedEditorAssemblies (2ms)
				RefreshPlugins (0ms)
				BeforeProcessingInitializeOnLoad (38ms)
				ProcessInitializeOnLoadAttributes (159ms)
				ProcessInitializeOnLoadMethodAttributes (15ms)
				AfterProcessingInitializeOnLoad (1ms)
				EditorAssembliesLoaded (0ms)
			ExecutionOrderSort2 (0ms)
			AwakeInstancesAfterBackupRestoration (5ms)
Refreshing native plugins compatible for Editor in 2.25 ms, found 3 plugins.
Preloading 0 native plugins for Editor in 0.00 ms.
Unloading 4266 Unused Serialized files (Serialized files now loaded: 0)
Unloading 52 unused Assets / (44.0 KB). Loaded Objects now: 4822.
Memory consumption went from 227.3 MB to 227.3 MB.
Total: 2.770125 ms (FindLiveObjects: 0.175125 ms CreateObjectMapping: 0.058375 ms MarkObjects: 2.476625 ms  DeleteObjects: 0.059334 ms)

Prepare: number of updated asset objects reloaded= 0
AssetImportParameters requested are different than current active one (requested -> active):
  custom:container-demuxer-ogg: 62fdf1f143b41e24485cea50d1cbac27 -> 
  custom:video-decoder-ogg-theora: a1e56fd34408186e4bbccfd4996cb3dc -> 
  custom:container-demuxer-webm: 4f35f7cbe854078d1ac9338744f61a02 -> 
  custom:container-muxer-webm: aa71ff27fc2769a1b78a27578f13a17b -> 
  custom:video-decoder-webm-vp8: 9c59270c3fd7afecdb556c50c9e8de78 -> 
  custom:AudioImporter_EditorPlatform: 3918e3fc78b5a79bad01e8451be0beb8 -> 
  custom:framework-osx-AVFoundation: e770b220cccbd017edd2c1fefb359320 -> 
  custom:video-encoder-webm-vp8: eb34c28f22e8b96e1ab97ce403110664 -> 
  custom:audio-decoder-ogg-vorbis: bf7c407c2cedff20999df2af8eb42d56 -> 
  custom:audio-encoder-webm-vorbis: bf7c407c2cedff20999df2af8eb42d56 -> 
========================================================================
Received Prepare
Begin MonoManager ReloadAssembly
Thread 0x16b8df000 may have been prematurely finalized
Symbol file LoadedFromMemory doesn't match image /Users/mahmoudelbahkiry/Desktop/Project-BlinkTap/Library/PackageCache/com.unity.visualscripting@1.8.0/Editor/VisualScripting.Core/Dependencies/YamlDotNet/Unity.VisualScripting.YamlDotNet.dll
Symbol file LoadedFromMemory doesn't match image /Users/mahmoudelbahkiry/Desktop/Project-BlinkTap/Library/PackageCache/com.unity.visualscripting@1.8.0/Editor/VisualScripting.Core/Dependencies/DotNetZip/Unity.VisualScripting.IonicZip.dll
Symbol file LoadedFromMemory is not a mono symbol file
- Loaded All Assemblies, in  0.654 seconds
Refreshing native plugins compatible for Editor in 1.61 ms, found 3 plugins.
Native extension for iOS target not found
Native extension for OSXStandalone target not found
Mono: successfully reloaded assembly
[Package Manager] Server::EnsureServerProcessIsRunning -- launch failed, reason: Unity was launched with the -noUpm command-line argument
[Package Manager] UpmClient::Send -- Unable to send message (not connected to UPM process).
[Package Manager] Cannot connect to Unity Package Manager local server
- Finished resetting the current domain, in  0.824 seconds
Domain Reload Profiling:
	ReloadAssembly (267ms)
		BeginReloadAssembly (215ms)
			ExecutionOrderSort (0ms)
			DisableScriptedObjects (10ms)
			BackupInstance (0ms)
			ReleaseScriptingObjects (0ms)
			CreateAndSetChildDomain (90ms)
		LoadAllAssembliesAndSetupDomain (387ms)
			LoadAssemblies (291ms)
			RebuildTransferFunctionScriptingTraits (0ms)
			SetupTypeCache (185ms)
				TypeCache.Initialize (181ms)
					TypeCache.ScanAssembly (178ms)
				ResolveRequiredComponents (4ms)
		FinalizeReload (0ms)
			ReleaseScriptCaches (0ms)
			RebuildScriptCaches (0ms)
			SetupLoadedEditorAssemblies (278ms)
				LogAssemblyErrors (0ms)
				InitializePlatformSupportModulesInManaged (61ms)
				SetLoadedEditorAssemblies (3ms)
				RefreshPlugins (0ms)
				BeforeProcessingInitializeOnLoad (42ms)
				ProcessInitializeOnLoadAttributes (156ms)
				ProcessInitializeOnLoadMethodAttributes (15ms)
				AfterProcessingInitializeOnLoad (1ms)
				EditorAssembliesLoaded (0ms)
			ExecutionOrderSort2 (0ms)
			AwakeInstancesAfterBackupRestoration (5ms)
Refreshing native plugins compatible for Editor in 2.06 ms, found 3 plugins.
Preloading 0 native plugins for Editor in 0.00 ms.
Unloading 4266 Unused Serialized files (Serialized files now loaded: 0)
Unloading 52 unused Assets / (44.1 KB). Loaded Objects now: 4826.
Memory consumption went from 232.7 MB to 232.6 MB.
Total: 2.958083 ms (FindLiveObjects: 0.163833 ms CreateObjectMapping: 0.054042 ms MarkObjects: 2.681042 ms  DeleteObjects: 0.058708 ms)

Prepare: number of updated asset objects reloaded= 0
AssetImportParameters requested are different than current active one (requested -> active):
  custom:container-demuxer-ogg: 62fdf1f143b41e24485cea50d1cbac27 -> 
  custom:video-decoder-ogg-theora: a1e56fd34408186e4bbccfd4996cb3dc -> 
  custom:container-demuxer-webm: 4f35f7cbe854078d1ac9338744f61a02 -> 
  custom:container-muxer-webm: aa71ff27fc2769a1b78a27578f13a17b -> 
  custom:video-decoder-webm-vp8: 9c59270c3fd7afecdb556c50c9e8de78 -> 
  custom:AudioImporter_EditorPlatform: 3918e3fc78b5a79bad01e8451be0beb8 -> 
  custom:framework-osx-AVFoundation: e770b220cccbd017edd2c1fefb359320 -> 
  custom:video-encoder-webm-vp8: eb34c28f22e8b96e1ab97ce403110664 -> 
  custom:audio-decoder-ogg-vorbis: bf7c407c2cedff20999df2af8eb42d56 -> 
  custom:audio-encoder-webm-vorbis: bf7c407c2cedff20999df2af8eb42d56 -> 
========================================================================
Received Prepare
Begin MonoManager ReloadAssembly
Thread 0x16b8df000 may have been prematurely finalized
Symbol file LoadedFromMemory doesn't match image /Users/mahmoudelbahkiry/Desktop/Project-BlinkTap/Library/PackageCache/com.unity.visualscripting@1.8.0/Editor/VisualScripting.Core/Dependencies/YamlDotNet/Unity.VisualScripting.YamlDotNet.dll
Symbol file LoadedFromMemory doesn't match image /Users/mahmoudelbahkiry/Desktop/Project-BlinkTap/Library/PackageCache/com.unity.visualscripting@1.8.0/Editor/VisualScripting.Core/Dependencies/DotNetZip/Unity.VisualScripting.IonicZip.dll
Symbol file LoadedFromMemory is not a mono symbol file
- Loaded All Assemblies, in  0.713 seconds
Refreshing native plugins compatible for Editor in 2.15 ms, found 3 plugins.
Native extension for iOS target not found
Native extension for OSXStandalone target not found
Mono: successfully reloaded assembly
[Package Manager] Server::EnsureServerProcessIsRunning -- launch failed, reason: Unity was launched with the -noUpm command-line argument
[Package Manager] UpmClient::Send -- Unable to send message (not connected to UPM process).
[Package Manager] Cannot connect to Unity Package Manager local server
- Finished resetting the current domain, in  0.822 seconds
Domain Reload Profiling:
	ReloadAssembly (245ms)
		BeginReloadAssembly (183ms)
			ExecutionOrderSort (0ms)
			DisableScriptedObjects (11ms)
			BackupInstance (0ms)
			ReleaseScriptingObjects (0ms)
			CreateAndSetChildDomain (74ms)
		LoadAllAssembliesAndSetupDomain (468ms)
			LoadAssemblies (285ms)
			RebuildTransferFunctionScriptingTraits (0ms)
			SetupTypeCache (250ms)
				TypeCache.Initialize (244ms)
					TypeCache.ScanAssembly (236ms)
				ResolveRequiredComponents (3ms)
		FinalizeReload (0ms)
			ReleaseScriptCaches (0ms)
			RebuildScriptCaches (0ms)
			SetupLoadedEditorAssemblies (243ms)
				LogAssemblyErrors (0ms)
				InitializePlatformSupportModulesInManaged (27ms)
				SetLoadedEditorAssemblies (2ms)
				RefreshPlugins (0ms)
				BeforeProcessingInitializeOnLoad (38ms)
				ProcessInitializeOnLoadAttributes (160ms)
				ProcessInitializeOnLoadMethodAttributes (15ms)
				AfterProcessingInitializeOnLoad (1ms)
				EditorAssembliesLoaded (0ms)
			ExecutionOrderSort2 (0ms)
			AwakeInstancesAfterBackupRestoration (5ms)
Refreshing native plugins compatible for Editor in 1.83 ms, found 3 plugins.
Preloading 0 native plugins for Editor in 0.00 ms.
Unloading 4266 Unused Serialized files (Serialized files now loaded: 0)
Unloading 52 unused Assets / (44.0 KB). Loaded Objects now: 4830.
Memory consumption went from 237.9 MB to 237.9 MB.
Total: 2.934333 ms (FindLiveObjects: 0.166542 ms CreateObjectMapping: 0.059250 ms MarkObjects: 2.637125 ms  DeleteObjects: 0.071041 ms)

Prepare: number of updated asset objects reloaded= 0
AssetImportParameters requested are different than current active one (requested -> active):
  custom:container-demuxer-ogg: 62fdf1f143b41e24485cea50d1cbac27 -> 
  custom:video-decoder-ogg-theora: a1e56fd34408186e4bbccfd4996cb3dc -> 
  custom:container-demuxer-webm: 4f35f7cbe854078d1ac9338744f61a02 -> 
  custom:container-muxer-webm: aa71ff27fc2769a1b78a27578f13a17b -> 
  custom:video-decoder-webm-vp8: 9c59270c3fd7afecdb556c50c9e8de78 -> 
  custom:AudioImporter_EditorPlatform: 3918e3fc78b5a79bad01e8451be0beb8 -> 
  custom:framework-osx-AVFoundation: e770b220cccbd017edd2c1fefb359320 -> 
  custom:video-encoder-webm-vp8: eb34c28f22e8b96e1ab97ce403110664 -> 
  custom:audio-decoder-ogg-vorbis: bf7c407c2cedff20999df2af8eb42d56 -> 
  custom:audio-encoder-webm-vorbis: bf7c407c2cedff20999df2af8eb42d56 -> 
========================================================================
Received Prepare
Begin MonoManager ReloadAssembly
Thread 0x16b853000 may have been prematurely finalized
Symbol file LoadedFromMemory doesn't match image /Users/mahmoudelbahkiry/Desktop/Project-BlinkTap/Library/PackageCache/com.unity.visualscripting@1.8.0/Editor/VisualScripting.Core/Dependencies/YamlDotNet/Unity.VisualScripting.YamlDotNet.dll
Symbol file LoadedFromMemory doesn't match image /Users/mahmoudelbahkiry/Desktop/Project-BlinkTap/Library/PackageCache/com.unity.visualscripting@1.8.0/Editor/VisualScripting.Core/Dependencies/DotNetZip/Unity.VisualScripting.IonicZip.dll
Symbol file LoadedFromMemory is not a mono symbol file
- Loaded All Assemblies, in  0.787 seconds
Refreshing native plugins compatible for Editor in 2.40 ms, found 3 plugins.
Native extension for iOS target not found
Native extension for OSXStandalone target not found
Mono: successfully reloaded assembly
[Package Manager] Server::EnsureServerProcessIsRunning -- launch failed, reason: Unity was launched with the -noUpm command-line argument
[Package Manager] UpmClient::Send -- Unable to send message (not connected to UPM process).
[Package Manager] Cannot connect to Unity Package Manager local server
- Finished resetting the current domain, in  1.072 seconds
Domain Reload Profiling:
	ReloadAssembly (329ms)
		BeginReloadAssembly (279ms)
			ExecutionOrderSort (0ms)
			DisableScriptedObjects (20ms)
			BackupInstance (0ms)
			ReleaseScriptingObjects (0ms)
			CreateAndSetChildDomain (105ms)
		LoadAllAssembliesAndSetupDomain (458ms)
			LoadAssemblies (347ms)
			RebuildTransferFunctionScriptingTraits (0ms)
			SetupTypeCache (231ms)
				TypeCache.Initialize (224ms)
					TypeCache.ScanAssembly (217ms)
				ResolveRequiredComponents (3ms)
		FinalizeReload (0ms)
			ReleaseScriptCaches (0ms)
			RebuildScriptCaches (0ms)
			SetupLoadedEditorAssemblies (360ms)
				LogAssemblyErrors (0ms)
				InitializePlatformSupportModulesInManaged (118ms)
				SetLoadedEditorAssemblies (4ms)
				RefreshPlugins (0ms)
				BeforeProcessingInitializeOnLoad (46ms)
				ProcessInitializeOnLoadAttributes (173ms)
				ProcessInitializeOnLoadMethodAttributes (17ms)
				AfterProcessingInitializeOnLoad (1ms)
				EditorAssembliesLoaded (0ms)
			ExecutionOrderSort2 (0ms)
			AwakeInstancesAfterBackupRestoration (6ms)
Refreshing native plugins compatible for Editor in 2.36 ms, found 3 plugins.
Preloading 0 native plugins for Editor in 0.00 ms.
Unloading 4266 Unused Serialized files (Serialized files now loaded: 0)
Unloading 52 unused Assets / (43.9 KB). Loaded Objects now: 4834.
Memory consumption went from 243.0 MB to 243.0 MB.
Total: 5.852541 ms (FindLiveObjects: 0.209667 ms CreateObjectMapping: 0.060750 ms MarkObjects: 5.444500 ms  DeleteObjects: 0.137084 ms)

Prepare: number of updated asset objects reloaded= 0
AssetImportParameters requested are different than current active one (requested -> active):
  custom:container-demuxer-ogg: 62fdf1f143b41e24485cea50d1cbac27 -> 
  custom:video-decoder-ogg-theora: a1e56fd34408186e4bbccfd4996cb3dc -> 
  custom:container-demuxer-webm: 4f35f7cbe854078d1ac9338744f61a02 -> 
  custom:container-muxer-webm: aa71ff27fc2769a1b78a27578f13a17b -> 
  custom:video-decoder-webm-vp8: 9c59270c3fd7afecdb556c50c9e8de78 -> 
  custom:AudioImporter_EditorPlatform: 3918e3fc78b5a79bad01e8451be0beb8 -> 
  custom:framework-osx-AVFoundation: e770b220cccbd017edd2c1fefb359320 -> 
  custom:video-encoder-webm-vp8: eb34c28f22e8b96e1ab97ce403110664 -> 
  custom:audio-decoder-ogg-vorbis: bf7c407c2cedff20999df2af8eb42d56 -> 
  custom:audio-encoder-webm-vorbis: bf7c407c2cedff20999df2af8eb42d56 -> 
